Date,Roll_No,Day,Day_Number,Previous_Absences,Recent_7_Absences,Recent_7_Absence_Rate,Recent_3_Absences,Longest_Absence,Predicted_Status
2026-10-01,24CS001,Thursday,3,1.0,1.0,0.14285714285714285,1.0,1,P
2026-10-01,24CS002,Thursday,3,4.0,0.0,0.0,0.0,1,P
2026-10-01,24CS003,Thursday,3,1.0,0.0,0.0,0.0,1,P
2026-10-01,24CS004,Thursday,3,9.0,1.0,0.14285714285714285,1.0,2,P
2026-10-01,24CS005,Thursday,3,5.0,0.0,0.0,0.0,1,P
2026-10-01,24CS006,Thursday,3,15.0,2.0,0.2857142857142857,1.0,5,P
2026-10-01,24CS007,Thursday,3,5.0,1.0,0.14285714285714285,1.0,2,P
2026-10-01,24CS008,Thursday,3,11.0,1.0,0.14285714285714285,1.0,1,P
2026-10-01,24CS009,Thursday,3,6.0,1.0,0.14285714285714285,0.0,2,P
2026-10-01,24CS010,Thursday,3,3.0,0.0,0.0,0.0,1,P
2026-10-01,24CS011,Thursday,3,0.0,0.0,0.0,0.0,0,P
2026-10-01,24CS012,Thursday,3,10.0,0.0,0.0,0.0,2,P
2026-10-01,24CS013,Thursday,3,14.0,0.0,0.0,0.0,10,P
2026-10-01,24CS015,Thursday,3,10.0,0.0,0.0,0.0,9,P
2026-10-01,24CS016,Thursday,3,0.0,0.0,0.0,0.0,0,P
2026-10-01,24CS017,Thursday,3,2.0,0.0,0.0,0.0,1,P
2026-10-01,24CS018,Thursday,3,12.0,0.0,0.0,0.0,5,P
2026-10-01,24CS019,Thursday,3,4.0,1.0,0.14285714285714285,1.0,1,P
2026-10-01,24CS020,Thursday,3,5.0,0.0,0.0,0.0,2,P
2026-10-01,24CS021,Thursday,3,19.0,1.0,0.14285714285714285,0.0,15,P
2026-10-01,24CS022,Thursday,3,2.0,1.0,0.14285714285714285,0.0,1,P
2026-10-01,24CS023,Thursday,3,1.0,0.0,0.0,0.0,1,P
2026-10-01,24CS024,Thursday,3,7.0,0.0,0.0,0.0,2,P
2026-10-01,24CS025,Thursday,3,11.0,1.0,0.14285714285714285,1.0,2,P
2026-10-01,24CS026,Thursday,3,0.0,0.0,0.0,0.0,0,P
2026-10-01,24CS027,Thursday,3,7.0,0.0,0.0,0.0,2,P
2026-10-01,24CS028,Thursday,3,0.0,0.0,0.0,0.0,0,P
2026-10-01,24CS029,Thursday,3,9.0,2.0,0.2857142857142857,1.0,1,P
2026-10-01,24CS030,Thursday,3,5.0,0.0,0.0,0.0,1,P
2026-10-01,24CS031,Thursday,3,4.0,1.0,0.14285714285714285,1.0,1,P
2026-10-01,24CS032,Thursday,3,5.0,1.0,0.14285714285714285,0.0,1,P
2026-10-01,24CS033,Thursday,3,8.0,1.0,0.14285714285714285,1.0,1,P
2026-10-01,24CS034,Thursday,3,4.0,0.0,0.0,0.0,3,P
2026-10-01,24CS035,Thursday,3,4.0,1.0,0.14285714285714285,1.0,2,P
2026-10-01,24CS036,Thursday,3,9.0,1.0,0.14285714285714285,1.0,2,P
2026-10-01,24CS037,Thursday,3,7.0,0.0,0.0,0.0,2,P
2026-10-01,24CS038,Thursday,3,3.0,0.0,0.0,0.0,1,P
2026-10-01,24CS039,Thursday,3,1.0,0.0,0.0,0.0,1,P
2026-10-01,24CS040,Thursday,3,0.0,0.0,0.0,0.0,0,P
2026-10-01,24CS041,Thursday,3,5.0,1.0,0.14285714285714285,0.0,1,P
2026-10-01,24CS042,Thursday,3,5.0,1.0,0.14285714285714285,0.0,1,P
2026-10-01,24CS043,Thursday,3,1.0,0.0,0.0,0.0,1,P
2026-10-01,24CS044,Thursday,3,13.0,2.0,0.2857142857142857,0.0,3,P
2026-10-01,24CS045,Thursday,3,4.0,1.0,0.14285714285714285,0.0,1,P
2026-10-01,24CS046,Thursday,3,4.0,0.0,0.0,0.0,1,P
2026-10-01,24CS047,Thursday,3,4.0,0.0,0.0,0.0,2,P
2026-10-02,24CS001,Friday,4,1.0,1.0,0.14285714285714285,1.0,1,P
2026-10-02,24CS002,Friday,4,4.0,0.0,0.0,0.0,1,P
2026-10-02,24CS003,Friday,4,1.0,0.0,0.0,0.0,1,P
2026-10-02,24CS004,Friday,4,9.0,1.0,0.14285714285714285,1.0,2,P
2026-10-02,24CS005,Friday,4,5.0,0.0,0.0,0.0,1,P
2026-10-02,24CS006,Friday,4,15.0,2.0,0.2857142857142857,1.0,5,P
2026-10-02,24CS007,Friday,4,5.0,1.0,0.14285714285714285,1.0,2,P
2026-10-02,24CS008,Friday,4,11.0,1.0,0.14285714285714285,1.0,1,P
2026-10-02,24CS009,Friday,4,6.0,1.0,0.14285714285714285,0.0,2,P
2026-10-02,24CS010,Friday,4,3.0,0.0,0.0,0.0,1,P
2026-10-02,24CS011,Friday,4,0.0,0.0,0.0,0.0,0,P
2026-10-02,24CS012,Friday,4,10.0,0.0,0.0,0.0,2,P
2026-10-02,24CS013,Friday,4,14.0,0.0,0.0,0.0,10,A
2026-10-02,24CS015,Friday,4,10.0,0.0,0.0,0.0,9,P
2026-10-02,24CS016,Friday,4,0.0,0.0,0.0,0.0,0,P
2026-10-02,24CS017,Friday,4,2.0,0.0,0.0,0.0,1,P
2026-10-02,24CS018,Friday,4,12.0,0.0,0.0,0.0,5,P
2026-10-02,24CS019,Friday,4,4.0,1.0,0.14285714285714285,1.0,1,P
2026-10-02,24CS020,Friday,4,5.0,0.0,0.0,0.0,2,P
2026-10-02,24CS021,Friday,4,19.0,1.0,0.14285714285714285,0.0,15,P
2026-10-02,24CS022,Friday,4,2.0,1.0,0.14285714285714285,0.0,1,P
2026-10-02,24CS023,Friday,4,1.0,0.0,0.0,0.0,1,P
2026-10-02,24CS024,Friday,4,7.0,0.0,0.0,0.0,2,P
2026-10-02,24CS025,Friday,4,11.0,1.0,0.14285714285714285,1.0,2,P
2026-10-02,24CS026,Friday,4,0.0,0.0,0.0,0.0,0,P
2026-10-02,24CS027,Friday,4,7.0,0.0,0.0,0.0,2,P
2026-10-02,24CS028,Friday,4,0.0,0.0,0.0,0.0,0,P
2026-10-02,24CS029,Friday,4,9.0,2.0,0.2857142857142857,1.0,1,P
2026-10-02,24CS030,Friday,4,5.0,0.0,0.0,0.0,1,P
2026-10-02,24CS031,Friday,4,4.0,1.0,0.14285714285714285,1.0,1,P
2026-10-02,24CS032,Friday,4,5.0,1.0,0.14285714285714285,0.0,1,P
2026-10-02,24CS033,Friday,4,8.0,1.0,0.14285714285714285,1.0,1,P
2026-10-02,24CS034,Friday,4,4.0,0.0,0.0,0.0,3,P
2026-10-02,24CS035,Friday,4,4.0,1.0,0.14285714285714285,1.0,2,P
2026-10-02,24CS036,Friday,4,9.0,1.0,0.14285714285714285,1.0,2,P
2026-10-02,24CS037,Friday,4,7.0,0.0,0.0,0.0,2,P
2026-10-02,24CS038,Friday,4,3.0,0.0,0.0,0.0,1,P
2026-10-02,24CS039,Friday,4,1.0,0.0,0.0,0.0,1,P
2026-10-02,24CS040,Friday,4,0.0,0.0,0.0,0.0,0,P
2026-10-02,24CS041,Friday,4,5.0,1.0,0.14285714285714285,0.0,1,P
2026-10-02,24CS042,Friday,4,5.0,1.0,0.14285714285714285,0.0,1,P
2026-10-02,24CS043,Friday,4,1.0,0.0,0.0,0.0,1,P
2026-10-02,24CS044,Friday,4,13.0,2.0,0.2857142857142857,0.0,3,P
2026-10-02,24CS045,Friday,4,4.0,1.0,0.14285714285714285,0.0,1,P
2026-10-02,24CS046,Friday,4,4.0,0.0,0.0,0.0,1,P
2026-10-02,24CS047,Friday,4,4.0,0.0,0.0,0.0,2,P
2026-10-03,24CS001,Saturday,5,1.0,1.0,0.14285714285714285,1.0,1,P
2026-10-03,24CS002,Saturday,5,4.0,0.0,0.0,0.0,1,P
2026-10-03,24CS003,Saturday,5,1.0,0.0,0.0,0.0,1,P
2026-10-03,24CS004,Saturday,5,9.0,1.0,0.14285714285714285,1.0,2,P
2026-10-03,24CS005,Saturday,5,5.0,0.0,0.0,0.0,1,P
2026-10-03,24CS006,Saturday,5,15.0,2.0,0.2857142857142857,1.0,5,P
2026-10-03,24CS007,Saturday,5,5.0,1.0,0.14285714285714285,1.0,2,P
2026-10-03,24CS008,Saturday,5,11.0,1.0,0.14285714285714285,1.0,1,P
2026-10-03,24CS009,Saturday,5,6.0,1.0,0.14285714285714285,0.0,2,P
2026-10-03,24CS010,Saturday,5,3.0,0.0,0.0,0.0,1,P
2026-10-03,24CS011,Saturday,5,0.0,0.0,0.0,0.0,0,P
2026-10-03,24CS012,Saturday,5,10.0,0.0,0.0,0.0,2,P
2026-10-03,24CS013,Saturday,5,14.0,0.0,0.0,0.0,10,P
2026-10-03,24CS015,Saturday,5,10.0,0.0,0.0,0.0,9,P
2026-10-03,24CS016,Saturday,5,0.0,0.0,0.0,0.0,0,P
2026-10-03,24CS017,Saturday,5,2.0,0.0,0.0,0.0,1,P
2026-10-03,24CS018,Saturday,5,12.0,0.0,0.0,0.0,5,P
2026-10-03,24CS019,Saturday,5,4.0,1.0,0.14285714285714285,1.0,1,P
2026-10-03,24CS020,Saturday,5,5.0,0.0,0.0,0.0,2,P
2026-10-03,24CS021,Saturday,5,19.0,1.0,0.14285714285714285,0.0,15,P
2026-10-03,24CS022,Saturday,5,2.0,1.0,0.14285714285714285,0.0,1,P
2026-10-03,24CS023,Saturday,5,1.0,0.0,0.0,0.0,1,P
2026-10-03,24CS024,Saturday,5,7.0,0.0,0.0,0.0,2,P
2026-10-03,24CS025,Saturday,5,11.0,1.0,0.14285714285714285,1.0,2,P
2026-10-03,24CS026,Saturday,5,0.0,0.0,0.0,0.0,0,P
2026-10-03,24CS027,Saturday,5,7.0,0.0,0.0,0.0,2,P
2026-10-03,24CS028,Saturday,5,0.0,0.0,0.0,0.0,0,P
2026-10-03,24CS029,Saturday,5,9.0,2.0,0.2857142857142857,1.0,1,P
2026-10-03,24CS030,Saturday,5,5.0,0.0,0.0,0.0,1,P
2026-10-03,24CS031,Saturday,5,4.0,1.0,0.14285714285714285,1.0,1,P
2026-10-03,24CS032,Saturday,5,5.0,1.0,0.14285714285714285,0.0,1,P
2026-10-03,24CS033,Saturday,5,8.0,1.0,0.14285714285714285,1.0,1,P
2026-10-03,24CS034,Saturday,5,4.0,0.0,0.0,0.0,3,P
2026-10-03,24CS035,Saturday,5,4.0,1.0,0.14285714285714285,1.0,2,P
2026-10-03,24CS036,Saturday,5,9.0,1.0,0.14285714285714285,1.0,2,P
2026-10-03,24CS037,Saturday,5,7.0,0.0,0.0,0.0,2,P
2026-10-03,24CS038,Saturday,5,3.0,0.0,0.0,0.0,1,P
2026-10-03,24CS039,Saturday,5,1.0,0.0,0.0,0.0,1,P
2026-10-03,24CS040,Saturday,5,0.0,0.0,0.0,0.0,0,P
2026-10-03,24CS041,Saturday,5,5.0,1.0,0.14285714285714285,0.0,1,P
2026-10-03,24CS042,Saturday,5,5.0,1.0,0.14285714285714285,0.0,1,P
2026-10-03,24CS043,Saturday,5,1.0,0.0,0.0,0.0,1,P
2026-10-03,24CS044,Saturday,5,13.0,2.0,0.2857142857142857,0.0,3,P
2026-10-03,24CS045,Saturday,5,4.0,1.0,0.14285714285714285,0.0,1,P
2026-10-03,24CS046,Saturday,5,4.0,0.0,0.0,0.0,1,P
2026-10-03,24CS047,Saturday,5,4.0,0.0,0.0,0.0,2,P
2026-10-04,24CS001,Sunday,6,1.0,1.0,0.14285714285714285,1.0,1,P
2026-10-04,24CS002,Sunday,6,4.0,0.0,0.0,0.0,1,P
2026-10-04,24CS003,Sunday,6,1.0,0.0,0.0,0.0,1,P
2026-10-04,24CS004,Sunday,6,9.0,1.0,0.14285714285714285,1.0,2,P
2026-10-04,24CS005,Sunday,6,5.0,0.0,0.0,0.0,1,P
2026-10-04,24CS006,Sunday,6,15.0,2.0,0.2857142857142857,1.0,5,P
2026-10-04,24CS007,Sunday,6,5.0,1.0,0.14285714285714285,1.0,2,P
2026-10-04,24CS008,Sunday,6,11.0,1.0,0.14285714285714285,1.0,1,P
2026-10-04,24CS009,Sunday,6,6.0,1.0,0.14285714285714285,0.0,2,P
2026-10-04,24CS010,Sunday,6,3.0,0.0,0.0,0.0,1,P
2026-10-04,24CS011,Sunday,6,0.0,0.0,0.0,0.0,0,P
2026-10-04,24CS012,Sunday,6,10.0,0.0,0.0,0.0,2,P
2026-10-04,24CS013,Sunday,6,14.0,0.0,0.0,0.0,10,P
2026-10-04,24CS015,Sunday,6,10.0,0.0,0.0,0.0,9,P
2026-10-04,24CS016,Sunday,6,0.0,0.0,0.0,0.0,0,P
2026-10-04,24CS017,Sunday,6,2.0,0.0,0.0,0.0,1,P
2026-10-04,24CS018,Sunday,6,12.0,0.0,0.0,0.0,5,P
2026-10-04,24CS019,Sunday,6,4.0,1.0,0.14285714285714285,1.0,1,P
2026-10-04,24CS020,Sunday,6,5.0,0.0,0.0,0.0,2,P
2026-10-04,24CS021,Sunday,6,19.0,1.0,0.14285714285714285,0.0,15,P
2026-10-04,24CS022,Sunday,6,2.0,1.0,0.14285714285714285,0.0,1,P
2026-10-04,24CS023,Sunday,6,1.0,0.0,0.0,0.0,1,P
2026-10-04,24CS024,Sunday,6,7.0,0.0,0.0,0.0,2,P
2026-10-04,24CS025,Sunday,6,11.0,1.0,0.14285714285714285,1.0,2,P
2026-10-04,24CS026,Sunday,6,0.0,0.0,0.0,0.0,0,P
2026-10-04,24CS027,Sunday,6,7.0,0.0,0.0,0.0,2,P
2026-10-04,24CS028,Sunday,6,0.0,0.0,0.0,0.0,0,P
2026-10-04,24CS029,Sunday,6,9.0,2.0,0.2857142857142857,1.0,1,P
2026-10-04,24CS030,Sunday,6,5.0,0.0,0.0,0.0,1,P
2026-10-04,24CS031,Sunday,6,4.0,1.0,0.14285714285714285,1.0,1,P
2026-10-04,24CS032,Sunday,6,5.0,1.0,0.14285714285714285,0.0,1,P
2026-10-04,24CS033,Sunday,6,8.0,1.0,0.14285714285714285,1.0,1,P
2026-10-04,24CS034,Sunday,6,4.0,0.0,0.0,0.0,3,P
2026-10-04,24CS035,Sunday,6,4.0,1.0,0.14285714285714285,1.0,2,P
2026-10-04,24CS036,Sunday,6,9.0,1.0,0.14285714285714285,1.0,2,P
2026-10-04,24CS037,Sunday,6,7.0,0.0,0.0,0.0,2,P
2026-10-04,24CS038,Sunday,6,3.0,0.0,0.0,0.0,1,P
2026-10-04,24CS039,Sunday,6,1.0,0.0,0.0,0.0,1,P
2026-10-04,24CS040,Sunday,6,0.0,0.0,0.0,0.0,0,P
2026-10-04,24CS041,Sunday,6,5.0,1.0,0.14285714285714285,0.0,1,P
2026-10-04,24CS042,Sunday,6,5.0,1.0,0.14285714285714285,0.0,1,P
2026-10-04,24CS043,Sunday,6,1.0,0.0,0.0,0.0,1,P
2026-10-04,24CS044,Sunday,6,13.0,2.0,0.2857142857142857,0.0,3,P
2026-10-04,24CS045,Sunday,6,4.0,1.0,0.14285714285714285,0.0,1,P
2026-10-04,24CS046,Sunday,6,4.0,0.0,0.0,0.0,1,P
2026-10-04,24CS047,Sunday,6,4.0,0.0,0.0,0.0,2,P
2026-10-05,24CS001,Monday,0,1.0,1.0,0.14285714285714285,1.0,1,P
2026-10-05,24CS002,Monday,0,4.0,0.0,0.0,0.0,1,P
2026-10-05,24CS003,Monday,0,1.0,0.0,0.0,0.0,1,P
2026-10-05,24CS004,Monday,0,9.0,1.0,0.14285714285714285,1.0,2,P
2026-10-05,24CS005,Monday,0,5.0,0.0,0.0,0.0,1,P
2026-10-05,24CS006,Monday,0,15.0,2.0,0.2857142857142857,1.0,5,A
2026-10-05,24CS007,Monday,0,5.0,1.0,0.14285714285714285,1.0,2,P
2026-10-05,24CS008,Monday,0,11.0,1.0,0.14285714285714285,1.0,1,P
2026-10-05,24CS009,Monday,0,6.0,1.0,0.14285714285714285,0.0,2,A
2026-10-05,24CS010,Monday,0,3.0,0.0,0.0,0.0,1,P
2026-10-05,24CS011,Monday,0,0.0,0.0,0.0,0.0,0,P
2026-10-05,24CS012,Monday,0,10.0,0.0,0.0,0.0,2,P
2026-10-05,24CS013,Monday,0,14.0,0.0,0.0,0.0,10,P
2026-10-05,24CS015,Monday,0,10.0,0.0,0.0,0.0,9,P
2026-10-05,24CS016,Monday,0,0.0,0.0,0.0,0.0,0,P
2026-10-05,24CS017,Monday,0,2.0,0.0,0.0,0.0,1,P
2026-10-05,24CS018,Monday,0,12.0,0.0,0.0,0.0,5,P
2026-10-05,24CS019,Monday,0,4.0,1.0,0.14285714285714285,1.0,1,P
2026-10-05,24CS020,Monday,0,5.0,0.0,0.0,0.0,2,P
2026-10-05,24CS021,Monday,0,19.0,1.0,0.14285714285714285,0.0,15,P
2026-10-05,24CS022,Monday,0,2.0,1.0,0.14285714285714285,0.0,1,P
2026-10-05,24CS023,Monday,0,1.0,0.0,0.0,0.0,1,P
2026-10-05,24CS024,Monday,0,7.0,0.0,0.0,0.0,2,P
2026-10-05,24CS025,Monday,0,11.0,1.0,0.14285714285714285,1.0,2,P
2026-10-05,24CS026,Monday,0,0.0,0.0,0.0,0.0,0,P
2026-10-05,24CS027,Monday,0,7.0,0.0,0.0,0.0,2,P
2026-10-05,24CS028,Monday,0,0.0,0.0,0.0,0.0,0,P
2026-10-05,24CS029,Monday,0,9.0,2.0,0.2857142857142857,1.0,1,P
2026-10-05,24CS030,Monday,0,5.0,0.0,0.0,0.0,1,P
2026-10-05,24CS031,Monday,0,4.0,1.0,0.14285714285714285,1.0,1,P
2026-10-05,24CS032,Monday,0,5.0,1.0,0.14285714285714285,0.0,1,P
2026-10-05,24CS033,Monday,0,8.0,1.0,0.14285714285714285,1.0,1,A
2026-10-05,24CS034,Monday,0,4.0,0.0,0.0,0.0,3,P
2026-10-05,24CS035,Monday,0,4.0,1.0,0.14285714285714285,1.0,2,P
2026-10-05,24CS036,Monday,0,9.0,1.0,0.14285714285714285,1.0,2,P
2026-10-05,24CS037,Monday,0,7.0,0.0,0.0,0.0,2,P
2026-10-05,24CS038,Monday,0,3.0,0.0,0.0,0.0,1,P
2026-10-05,24CS039,Monday,0,1.0,0.0,0.0,0.0,1,P
2026-10-05,24CS040,Monday,0,0.0,0.0,0.0,0.0,0,P
2026-10-05,24CS041,Monday,0,5.0,1.0,0.14285714285714285,0.0,1,P
2026-10-05,24CS042,Monday,0,5.0,1.0,0.14285714285714285,0.0,1,P
2026-10-05,24CS043,Monday,0,1.0,0.0,0.0,0.0,1,P
2026-10-05,24CS044,Monday,0,13.0,2.0,0.2857142857142857,0.0,3,P
2026-10-05,24CS045,Monday,0,4.0,1.0,0.14285714285714285,0.0,1,P
2026-10-05,24CS046,Monday,0,4.0,0.0,0.0,0.0,1,P
2026-10-05,24CS047,Monday,0,4.0,0.0,0.0,0.0,2,P
2026-10-06,24CS001,Tuesday,1,1.0,1.0,0.14285714285714285,1.0,1,P
2026-10-06,24CS002,Tuesday,1,4.0,0.0,0.0,0.0,1,P
2026-10-06,24CS003,Tuesday,1,1.0,0.0,0.0,0.0,1,P
2026-10-06,24CS004,Tuesday,1,9.0,1.0,0.14285714285714285,1.0,2,P
2026-10-06,24CS005,Tuesday,1,5.0,0.0,0.0,0.0,1,P
2026-10-06,24CS006,Tuesday,1,15.0,2.0,0.2857142857142857,1.0,5,P
2026-10-06,24CS007,Tuesday,1,5.0,1.0,0.14285714285714285,1.0,2,P
2026-10-06,24CS008,Tuesday,1,11.0,1.0,0.14285714285714285,1.0,1,P
2026-10-06,24CS009,Tuesday,1,6.0,1.0,0.14285714285714285,0.0,2,P
2026-10-06,24CS010,Tuesday,1,3.0,0.0,0.0,0.0,1,P
2026-10-06,24CS011,Tuesday,1,0.0,0.0,0.0,0.0,0,P
2026-10-06,24CS012,Tuesday,1,10.0,0.0,0.0,0.0,2,P
2026-10-06,24CS013,Tuesday,1,14.0,0.0,0.0,0.0,10,P
2026-10-06,24CS015,Tuesday,1,10.0,0.0,0.0,0.0,9,P
2026-10-06,24CS016,Tuesday,1,0.0,0.0,0.0,0.0,0,P
2026-10-06,24CS017,Tuesday,1,2.0,0.0,0.0,0.0,1,P
2026-10-06,24CS018,Tuesday,1,12.0,0.0,0.0,0.0,5,P
2026-10-06,24CS019,Tuesday,1,4.0,1.0,0.14285714285714285,1.0,1,P
2026-10-06,24CS020,Tuesday,1,5.0,0.0,0.0,0.0,2,P
2026-10-06,24CS021,Tuesday,1,19.0,1.0,0.14285714285714285,0.0,15,P
2026-10-06,24CS022,Tuesday,1,2.0,1.0,0.14285714285714285,0.0,1,P
2026-10-06,24CS023,Tuesday,1,1.0,0.0,0.0,0.0,1,P
2026-10-06,24CS024,Tuesday,1,7.0,0.0,0.0,0.0,2,P
2026-10-06,24CS025,Tuesday,1,11.0,1.0,0.14285714285714285,1.0,2,P
2026-10-06,24CS026,Tuesday,1,0.0,0.0,0.0,0.0,0,P
2026-10-06,24CS027,Tuesday,1,7.0,0.0,0.0,0.0,2,P
2026-10-06,24CS028,Tuesday,1,0.0,0.0,0.0,0.0,0,P
2026-10-06,24CS029,Tuesday,1,9.0,2.0,0.2857142857142857,1.0,1,P
2026-10-06,24CS030,Tuesday,1,5.0,0.0,0.0,0.0,1,P
2026-10-06,24CS031,Tuesday,1,4.0,1.0,0.14285714285714285,1.0,1,P
2026-10-06,24CS032,Tuesday,1,5.0,1.0,0.14285714285714285,0.0,1,P
2026-10-06,24CS033,Tuesday,1,8.0,1.0,0.14285714285714285,1.0,1,P
2026-10-06,24CS034,Tuesday,1,4.0,0.0,0.0,0.0,3,P
2026-10-06,24CS035,Tuesday,1,4.0,1.0,0.14285714285714285,1.0,2,P
2026-10-06,24CS036,Tuesday,1,9.0,1.0,0.14285714285714285,1.0,2,P
2026-10-06,24CS037,Tuesday,1,7.0,0.0,0.0,0.0,2,P
2026-10-06,24CS038,Tuesday,1,3.0,0.0,0.0,0.0,1,P
2026-10-06,24CS039,Tuesday,1,1.0,0.0,0.0,0.0,1,P
2026-10-06,24CS040,Tuesday,1,0.0,0.0,0.0,0.0,0,P
2026-10-06,24CS041,Tuesday,1,5.0,1.0,0.14285714285714285,0.0,1,P
2026-10-06,24CS042,Tuesday,1,5.0,1.0,0.14285714285714285,0.0,1,P
2026-10-06,24CS043,Tuesday,1,1.0,0.0,0.0,0.0,1,P
2026-10-06,24CS044,Tuesday,1,13.0,2.0,0.2857142857142857,0.0,3,P
2026-10-06,24CS045,Tuesday,1,4.0,1.0,0.14285714285714285,0.0,1,P
2026-10-06,24CS046,Tuesday,1,4.0,0.0,0.0,0.0,1,P
2026-10-06,24CS047,Tuesday,1,4.0,0.0,0.0,0.0,2,P
2026-10-07,24CS001,Wednesday,2,1.0,1.0,0.14285714285714285,1.0,1,P
2026-10-07,24CS002,Wednesday,2,4.0,0.0,0.0,0.0,1,P
2026-10-07,24CS003,Wednesday,2,1.0,0.0,0.0,0.0,1,P
2026-10-07,24CS004,Wednesday,2,9.0,1.0,0.14285714285714285,1.0,2,P
2026-10-07,24CS005,Wednesday,2,5.0,0.0,0.0,0.0,1,P
2026-10-07,24CS006,Wednesday,2,15.0,2.0,0.2857142857142857,1.0,5,P
2026-10-07,24CS007,Wednesday,2,5.0,1.0,0.14285714285714285,1.0,2,P
2026-10-07,24CS008,Wednesday,2,11.0,1.0,0.14285714285714285,1.0,1,P
2026-10-07,24CS009,Wednesday,2,6.0,1.0,0.14285714285714285,0.0,2,P
2026-10-07,24CS010,Wednesday,2,3.0,0.0,0.0,0.0,1,P
2026-10-07,24CS011,Wednesday,2,0.0,0.0,0.0,0.0,0,P
2026-10-07,24CS012,Wednesday,2,10.0,0.0,0.0,0.0,2,P
2026-10-07,24CS013,Wednesday,2,14.0,0.0,0.0,0.0,10,P
2026-10-07,24CS015,Wednesday,2,10.0,0.0,0.0,0.0,9,P
2026-10-07,24CS016,Wednesday,2,0.0,0.0,0.0,0.0,0,P
2026-10-07,24CS017,Wednesday,2,2.0,0.0,0.0,0.0,1,P
2026-10-07,24CS018,Wednesday,2,12.0,0.0,0.0,0.0,5,P
2026-10-07,24CS019,Wednesday,2,4.0,1.0,0.14285714285714285,1.0,1,P
2026-10-07,24CS020,Wednesday,2,5.0,0.0,0.0,0.0,2,P
2026-10-07,24CS021,Wednesday,2,19.0,1.0,0.14285714285714285,0.0,15,A
2026-10-07,24CS022,Wednesday,2,2.0,1.0,0.14285714285714285,0.0,1,P
2026-10-07,24CS023,Wednesday,2,1.0,0.0,0.0,0.0,1,P
2026-10-07,24CS024,Wednesday,2,7.0,0.0,0.0,0.0,2,P
2026-10-07,24CS025,Wednesday,2,11.0,1.0,0.14285714285714285,1.0,2,P
2026-10-07,24CS026,Wednesday,2,0.0,0.0,0.0,0.0,0,P
2026-10-07,24CS027,Wednesday,2,7.0,0.0,0.0,0.0,2,P
2026-10-07,24CS028,Wednesday,2,0.0,0.0,0.0,0.0,0,P
2026-10-07,24CS029,Wednesday,2,9.0,2.0,0.2857142857142857,1.0,1,P
2026-10-07,24CS030,Wednesday,2,5.0,0.0,0.0,0.0,1,P
2026-10-07,24CS031,Wednesday,2,4.0,1.0,0.14285714285714285,1.0,1,P
2026-10-07,24CS032,Wednesday,2,5.0,1.0,0.14285714285714285,0.0,1,P
2026-10-07,24CS033,Wednesday,2,8.0,1.0,0.14285714285714285,1.0,1,P
2026-10-07,24CS034,Wednesday,2,4.0,0.0,0.0,0.0,3,P
2026-10-07,24CS035,Wednesday,2,4.0,1.0,0.14285714285714285,1.0,2,P
2026-10-07,24CS036,Wednesday,2,9.0,1.0,0.14285714285714285,1.0,2,P
2026-10-07,24CS037,Wednesday,2,7.0,0.0,0.0,0.0,2,P
2026-10-07,24CS038,Wednesday,2,3.0,0.0,0.0,0.0,1,P
2026-10-07,24CS039,Wednesday,2,1.0,0.0,0.0,0.0,1,P
2026-10-07,24CS040,Wednesday,2,0.0,0.0,0.0,0.0,0,P
2026-10-07,24CS041,Wednesday,2,5.0,1.0,0.14285714285714285,0.0,1,A
2026-10-07,24CS042,Wednesday,2,5.0,1.0,0.14285714285714285,0.0,1,P
2026-10-07,24CS043,Wednesday,2,1.0,0.0,0.0,0.0,1,P
2026-10-07,24CS044,Wednesday,2,13.0,2.0,0.2857142857142857,0.0,3,P
2026-10-07,24CS045,Wednesday,2,4.0,1.0,0.14285714285714285,0.0,1,P
2026-10-07,24CS046,Wednesday,2,4.0,0.0,0.0,0.0,1,P
2026-10-07,24CS047,Wednesday,2,4.0,0.0,0.0,0.0,2,P
2026-10-08,24CS001,Thursday,3,1.0,1.0,0.14285714285714285,1.0,1,P
2026-10-08,24CS002,Thursday,3,4.0,0.0,0.0,0.0,1,P
2026-10-08,24CS003,Thursday,3,1.0,0.0,0.0,0.0,1,P
2026-10-08,24CS004,Thursday,3,9.0,1.0,0.14285714285714285,1.0,2,P
2026-10-08,24CS005,Thursday,3,5.0,0.0,0.0,0.0,1,P
2026-10-08,24CS006,Thursday,3,15.0,2.0,0.2857142857142857,1.0,5,P
2026-10-08,24CS007,Thursday,3,5.0,1.0,0.14285714285714285,1.0,2,P
2026-10-08,24CS008,Thursday,3,11.0,1.0,0.14285714285714285,1.0,1,P
2026-10-08,24CS009,Thursday,3,6.0,1.0,0.14285714285714285,0.0,2,P
2026-10-08,24CS010,Thursday,3,3.0,0.0,0.0,0.0,1,P
2026-10-08,24CS011,Thursday,3,0.0,0.0,0.0,0.0,0,P
2026-10-08,24CS012,Thursday,3,10.0,0.0,0.0,0.0,2,P
2026-10-08,24CS013,Thursday,3,14.0,0.0,0.0,0.0,10,P
2026-10-08,24CS015,Thursday,3,10.0,0.0,0.0,0.0,9,P
2026-10-08,24CS016,Thursday,3,0.0,0.0,0.0,0.0,0,P
2026-10-08,24CS017,Thursday,3,2.0,0.0,0.0,0.0,1,P
2026-10-08,24CS018,Thursday,3,12.0,0.0,0.0,0.0,5,P
2026-10-08,24CS019,Thursday,3,4.0,1.0,0.14285714285714285,1.0,1,P
2026-10-08,24CS020,Thursday,3,5.0,0.0,0.0,0.0,2,P
2026-10-08,24CS021,Thursday,3,19.0,1.0,0.14285714285714285,0.0,15,P
2026-10-08,24CS022,Thursday,3,2.0,1.0,0.14285714285714285,0.0,1,P
2026-10-08,24CS023,Thursday,3,1.0,0.0,0.0,0.0,1,P
2026-10-08,24CS024,Thursday,3,7.0,0.0,0.0,0.0,2,P
2026-10-08,24CS025,Thursday,3,11.0,1.0,0.14285714285714285,1.0,2,P
2026-10-08,24CS026,Thursday,3,0.0,0.0,0.0,0.0,0,P
2026-10-08,24CS027,Thursday,3,7.0,0.0,0.0,0.0,2,P
2026-10-08,24CS028,Thursday,3,0.0,0.0,0.0,0.0,0,P
2026-10-08,24CS029,Thursday,3,9.0,2.0,0.2857142857142857,1.0,1,P
2026-10-08,24CS030,Thursday,3,5.0,0.0,0.0,0.0,1,P
2026-10-08,24CS031,Thursday,3,4.0,1.0,0.14285714285714285,1.0,1,P
2026-10-08,24CS032,Thursday,3,5.0,1.0,0.14285714285714285,0.0,1,P
2026-10-08,24CS033,Thursday,3,8.0,1.0,0.14285714285714285,1.0,1,P
2026-10-08,24CS034,Thursday,3,4.0,0.0,0.0,0.0,3,P
2026-10-08,24CS035,Thursday,3,4.0,1.0,0.14285714285714285,1.0,2,P
2026-10-08,24CS036,Thursday,3,9.0,1.0,0.14285714285714285,1.0,2,P
2026-10-08,24CS037,Thursday,3,7.0,0.0,0.0,0.0,2,P
2026-10-08,24CS038,Thursday,3,3.0,0.0,0.0,0.0,1,P
2026-10-08,24CS039,Thursday,3,1.0,0.0,0.0,0.0,1,P
2026-10-08,24CS040,Thursday,3,0.0,0.0,0.0,0.0,0,P
2026-10-08,24CS041,Thursday,3,5.0,1.0,0.14285714285714285,0.0,1,P
2026-10-08,24CS042,Thursday,3,5.0,1.0,0.14285714285714285,0.0,1,P
2026-10-08,24CS043,Thursday,3,1.0,0.0,0.0,0.0,1,P
2026-10-08,24CS044,Thursday,3,13.0,2.0,0.2857142857142857,0.0,3,P
2026-10-08,24CS045,Thursday,3,4.0,1.0,0.14285714285714285,0.0,1,P
2026-10-08,24CS046,Thursday,3,4.0,0.0,0.0,0.0,1,P
2026-10-08,24CS047,Thursday,3,4.0,0.0,0.0,0.0,2,P
2026-10-09,24CS001,Friday,4,1.0,1.0,0.14285714285714285,1.0,1,P
2026-10-09,24CS002,Friday,4,4.0,0.0,0.0,0.0,1,P
2026-10-09,24CS003,Friday,4,1.0,0.0,0.0,0.0,1,P
2026-10-09,24CS004,Friday,4,9.0,1.0,0.14285714285714285,1.0,2,P
2026-10-09,24CS005,Friday,4,5.0,0.0,0.0,0.0,1,P
2026-10-09,24CS006,Friday,4,15.0,2.0,0.2857142857142857,1.0,5,P
2026-10-09,24CS007,Friday,4,5.0,1.0,0.14285714285714285,1.0,2,P
2026-10-09,24CS008,Friday,4,11.0,1.0,0.14285714285714285,1.0,1,P
2026-10-09,24CS009,Friday,4,6.0,1.0,0.14285714285714285,0.0,2,P
2026-10-09,24CS010,Friday,4,3.0,0.0,0.0,0.0,1,P
2026-10-09,24CS011,Friday,4,0.0,0.0,0.0,0.0,0,P
2026-10-09,24CS012,Friday,4,10.0,0.0,0.0,0.0,2,P
2026-10-09,24CS013,Friday,4,14.0,0.0,0.0,0.0,10,A
2026-10-09,24CS015,Friday,4,10.0,0.0,0.0,0.0,9,P
2026-10-09,24CS016,Friday,4,0.0,0.0,0.0,0.0,0,P
2026-10-09,24CS017,Friday,4,2.0,0.0,0.0,0.0,1,P
2026-10-09,24CS018,Friday,4,12.0,0.0,0.0,0.0,5,P
2026-10-09,24CS019,Friday,4,4.0,1.0,0.14285714285714285,1.0,1,P
2026-10-09,24CS020,Friday,4,5.0,0.0,0.0,0.0,2,P
2026-10-09,24CS021,Friday,4,19.0,1.0,0.14285714285714285,0.0,15,P
2026-10-09,24CS022,Friday,4,2.0,1.0,0.14285714285714285,0.0,1,P
2026-10-09,24CS023,Friday,4,1.0,0.0,0.0,0.0,1,P
2026-10-09,24CS024,Friday,4,7.0,0.0,0.0,0.0,2,P
2026-10-09,24CS025,Friday,4,11.0,1.0,0.14285714285714285,1.0,2,P
2026-10-09,24CS026,Friday,4,0.0,0.0,0.0,0.0,0,P
2026-10-09,24CS027,Friday,4,7.0,0.0,0.0,0.0,2,P
2026-10-09,24CS028,Friday,4,0.0,0.0,0.0,0.0,0,P
2026-10-09,24CS029,Friday,4,9.0,2.0,0.2857142857142857,1.0,1,P
2026-10-09,24CS030,Friday,4,5.0,0.0,0.0,0.0,1,P
2026-10-09,24CS031,Friday,4,4.0,1.0,0.14285714285714285,1.0,1,P
2026-10-09,24CS032,Friday,4,5.0,1.0,0.14285714285714285,0.0,1,P
2026-10-09,24CS033,Friday,4,8.0,1.0,0.14285714285714285,1.0,1,P
2026-10-09,24CS034,Friday,4,4.0,0.0,0.0,0.0,3,P
2026-10-09,24CS035,Friday,4,4.0,1.0,0.14285714285714285,1.0,2,P
2026-10-09,24CS036,Friday,4,9.0,1.0,0.14285714285714285,1.0,2,P
2026-10-09,24CS037,Friday,4,7.0,0.0,0.0,0.0,2,P
2026-10-09,24CS038,Friday,4,3.0,0.0,0.0,0.0,1,P
2026-10-09,24CS039,Friday,4,1.0,0.0,0.0,0.0,1,P
2026-10-09,24CS040,Friday,4,0.0,0.0,0.0,0.0,0,P
2026-10-09,24CS041,Friday,4,5.0,1.0,0.14285714285714285,0.0,1,P
2026-10-09,24CS042,Friday,4,5.0,1.0,0.14285714285714285,0.0,1,P
2026-10-09,24CS043,Friday,4,1.0,0.0,0.0,0.0,1,P
2026-10-09,24CS044,Friday,4,13.0,2.0,0.2857142857142857,0.0,3,P
2026-10-09,24CS045,Friday,4,4.0,1.0,0.14285714285714285,0.0,1,P
2026-10-09,24CS046,Friday,4,4.0,0.0,0.0,0.0,1,P
2026-10-09,24CS047,Friday,4,4.0,0.0,0.0,0.0,2,P
2026-10-10,24CS001,Saturday,5,1.0,1.0,0.14285714285714285,1.0,1,P
2026-10-10,24CS002,Saturday,5,4.0,0.0,0.0,0.0,1,P
2026-10-10,24CS003,Saturday,5,1.0,0.0,0.0,0.0,1,P
2026-10-10,24CS004,Saturday,5,9.0,1.0,0.14285714285714285,1.0,2,P
2026-10-10,24CS005,Saturday,5,5.0,0.0,0.0,0.0,1,P
2026-10-10,24CS006,Saturday,5,15.0,2.0,0.2857142857142857,1.0,5,P
2026-10-10,24CS007,Saturday,5,5.0,1.0,0.14285714285714285,1.0,2,P
2026-10-10,24CS008,Saturday,5,11.0,1.0,0.14285714285714285,1.0,1,P
2026-10-10,24CS009,Saturday,5,6.0,1.0,0.14285714285714285,0.0,2,P
2026-10-10,24CS010,Saturday,5,3.0,0.0,0.0,0.0,1,P
2026-10-10,24CS011,Saturday,5,0.0,0.0,0.0,0.0,0,P
2026-10-10,24CS012,Saturday,5,10.0,0.0,0.0,0.0,2,P
2026-10-10,24CS013,Saturday,5,14.0,0.0,0.0,0.0,10,P
2026-10-10,24CS015,Saturday,5,10.0,0.0,0.0,0.0,9,P
2026-10-10,24CS016,Saturday,5,0.0,0.0,0.0,0.0,0,P
2026-10-10,24CS017,Saturday,5,2.0,0.0,0.0,0.0,1,P
2026-10-10,24CS018,Saturday,5,12.0,0.0,0.0,0.0,5,P
2026-10-10,24CS019,Saturday,5,4.0,1.0,0.14285714285714285,1.0,1,P
2026-10-10,24CS020,Saturday,5,5.0,0.0,0.0,0.0,2,P
2026-10-10,24CS021,Saturday,5,19.0,1.0,0.14285714285714285,0.0,15,P
2026-10-10,24CS022,Saturday,5,2.0,1.0,0.14285714285714285,0.0,1,P
2026-10-10,24CS023,Saturday,5,1.0,0.0,0.0,0.0,1,P
2026-10-10,24CS024,Saturday,5,7.0,0.0,0.0,0.0,2,P
2026-10-10,24CS025,Saturday,5,11.0,1.0,0.14285714285714285,1.0,2,P
2026-10-10,24CS026,Saturday,5,0.0,0.0,0.0,0.0,0,P
2026-10-10,24CS027,Saturday,5,7.0,0.0,0.0,0.0,2,P
2026-10-10,24CS028,Saturday,5,0.0,0.0,0.0,0.0,0,P
2026-10-10,24CS029,Saturday,5,9.0,2.0,0.2857142857142857,1.0,1,P
2026-10-10,24CS030,Saturday,5,5.0,0.0,0.0,0.0,1,P
2026-10-10,24CS031,Saturday,5,4.0,1.0,0.14285714285714285,1.0,1,P
2026-10-10,24CS032,Saturday,5,5.0,1.0,0.14285714285714285,0.0,1,P
2026-10-10,24CS033,Saturday,5,8.0,1.0,0.14285714285714285,1.0,1,P
2026-10-10,24CS034,Saturday,5,4.0,0.0,0.0,0.0,3,P
2026-10-10,24CS035,Saturday,5,4.0,1.0,0.14285714285714285,1.0,2,P
2026-10-10,24CS036,Saturday,5,9.0,1.0,0.14285714285714285,1.0,2,P
2026-10-10,24CS037,Saturday,5,7.0,0.0,0.0,0.0,2,P
2026-10-10,24CS038,Saturday,5,3.0,0.0,0.0,0.0,1,P
2026-10-10,24CS039,Saturday,5,1.0,0.0,0.0,0.0,1,P
2026-10-10,24CS040,Saturday,5,0.0,0.0,0.0,0.0,0,P
2026-10-10,24CS041,Saturday,5,5.0,1.0,0.14285714285714285,0.0,1,P
2026-10-10,24CS042,Saturday,5,5.0,1.0,0.14285714285714285,0.0,1,P
2026-10-10,24CS043,Saturday,5,1.0,0.0,0.0,0.0,1,P
2026-10-10,24CS044,Saturday,5,13.0,2.0,0.2857142857142857,0.0,3,P
2026-10-10,24CS045,Saturday,5,4.0,1.0,0.14285714285714285,0.0,1,P
2026-10-10,24CS046,Saturday,5,4.0,0.0,0.0,0.0,1,P
2026-10-10,24CS047,Saturday,5,4.0,0.0,0.0,0.0,2,P
2026-10-11,24CS001,Sunday,6,1.0,1.0,0.14285714285714285,1.0,1,P
2026-10-11,24CS002,Sunday,6,4.0,0.0,0.0,0.0,1,P
2026-10-11,24CS003,Sunday,6,1.0,0.0,0.0,0.0,1,P
2026-10-11,24CS004,Sunday,6,9.0,1.0,0.14285714285714285,1.0,2,P
2026-10-11,24CS005,Sunday,6,5.0,0.0,0.0,0.0,1,P
2026-10-11,24CS006,Sunday,6,15.0,2.0,0.2857142857142857,1.0,5,P
2026-10-11,24CS007,Sunday,6,5.0,1.0,0.14285714285714285,1.0,2,P
2026-10-11,24CS008,Sunday,6,11.0,1.0,0.14285714285714285,1.0,1,P
2026-10-11,24CS009,Sunday,6,6.0,1.0,0.14285714285714285,0.0,2,P
2026-10-11,24CS010,Sunday,6,3.0,0.0,0.0,0.0,1,P
2026-10-11,24CS011,Sunday,6,0.0,0.0,0.0,0.0,0,P
2026-10-11,24CS012,Sunday,6,10.0,0.0,0.0,0.0,2,P
2026-10-11,24CS013,Sunday,6,14.0,0.0,0.0,0.0,10,P
2026-10-11,24CS015,Sunday,6,10.0,0.0,0.0,0.0,9,P
2026-10-11,24CS016,Sunday,6,0.0,0.0,0.0,0.0,0,P
2026-10-11,24CS017,Sunday,6,2.0,0.0,0.0,0.0,1,P
2026-10-11,24CS018,Sunday,6,12.0,0.0,0.0,0.0,5,P
2026-10-11,24CS019,Sunday,6,4.0,1.0,0.14285714285714285,1.0,1,P
2026-10-11,24CS020,Sunday,6,5.0,0.0,0.0,0.0,2,P
2026-10-11,24CS021,Sunday,6,19.0,1.0,0.14285714285714285,0.0,15,P
2026-10-11,24CS022,Sunday,6,2.0,1.0,0.14285714285714285,0.0,1,P
2026-10-11,24CS023,Sunday,6,1.0,0.0,0.0,0.0,1,P
2026-10-11,24CS024,Sunday,6,7.0,0.0,0.0,0.0,2,P
2026-10-11,24CS025,Sunday,6,11.0,1.0,0.14285714285714285,1.0,2,P
2026-10-11,24CS026,Sunday,6,0.0,0.0,0.0,0.0,0,P
2026-10-11,24CS027,Sunday,6,7.0,0.0,0.0,0.0,2,P
2026-10-11,24CS028,Sunday,6,0.0,0.0,0.0,0.0,0,P
2026-10-11,24CS029,Sunday,6,9.0,2.0,0.2857142857142857,1.0,1,P
2026-10-11,24CS030,Sunday,6,5.0,0.0,0.0,0.0,1,P
2026-10-11,24CS031,Sunday,6,4.0,1.0,0.14285714285714285,1.0,1,P
2026-10-11,24CS032,Sunday,6,5.0,1.0,0.14285714285714285,0.0,1,P
2026-10-11,24CS033,Sunday,6,8.0,1.0,0.14285714285714285,1.0,1,P
2026-10-11,24CS034,Sunday,6,4.0,0.0,0.0,0.0,3,P
2026-10-11,24CS035,Sunday,6,4.0,1.0,0.14285714285714285,1.0,2,P
2026-10-11,24CS036,Sunday,6,9.0,1.0,0.14285714285714285,1.0,2,P
2026-10-11,24CS037,Sunday,6,7.0,0.0,0.0,0.0,2,P
2026-10-11,24CS038,Sunday,6,3.0,0.0,0.0,0.0,1,P
2026-10-11,24CS039,Sunday,6,1.0,0.0,0.0,0.0,1,P
2026-10-11,24CS040,Sunday,6,0.0,0.0,0.0,0.0,0,P
2026-10-11,24CS041,Sunday,6,5.0,1.0,0.14285714285714285,0.0,1,P
2026-10-11,24CS042,Sunday,6,5.0,1.0,0.14285714285714285,0.0,1,P
2026-10-11,24CS043,Sunday,6,1.0,0.0,0.0,0.0,1,P
2026-10-11,24CS044,Sunday,6,13.0,2.0,0.2857142857142857,0.0,3,P
2026-10-11,24CS045,Sunday,6,4.0,1.0,0.14285714285714285,0.0,1,P
2026-10-11,24CS046,Sunday,6,4.0,0.0,0.0,0.0,1,P
2026-10-11,24CS047,Sunday,6,4.0,0.0,0.0,0.0,2,P
2026-10-12,24CS001,Monday,0,1.0,1.0,0.14285714285714285,1.0,1,P
2026-10-12,24CS002,Monday,0,4.0,0.0,0.0,0.0,1,P
2026-10-12,24CS003,Monday,0,1.0,0.0,0.0,0.0,1,P
2026-10-12,24CS004,Monday,0,9.0,1.0,0.14285714285714285,1.0,2,P
2026-10-12,24CS005,Monday,0,5.0,0.0,0.0,0.0,1,P
2026-10-12,24CS006,Monday,0,15.0,2.0,0.2857142857142857,1.0,5,A
2026-10-12,24CS007,Monday,0,5.0,1.0,0.14285714285714285,1.0,2,P
2026-10-12,24CS008,Monday,0,11.0,1.0,0.14285714285714285,1.0,1,P
2026-10-12,24CS009,Monday,0,6.0,1.0,0.14285714285714285,0.0,2,A
2026-10-12,24CS010,Monday,0,3.0,0.0,0.0,0.0,1,P
2026-10-12,24CS011,Monday,0,0.0,0.0,0.0,0.0,0,P
2026-10-12,24CS012,Monday,0,10.0,0.0,0.0,0.0,2,P
2026-10-12,24CS013,Monday,0,14.0,0.0,0.0,0.0,10,P
2026-10-12,24CS015,Monday,0,10.0,0.0,0.0,0.0,9,P
2026-10-12,24CS016,Monday,0,0.0,0.0,0.0,0.0,0,P
2026-10-12,24CS017,Monday,0,2.0,0.0,0.0,0.0,1,P
2026-10-12,24CS018,Monday,0,12.0,0.0,0.0,0.0,5,P
2026-10-12,24CS019,Monday,0,4.0,1.0,0.14285714285714285,1.0,1,P
2026-10-12,24CS020,Monday,0,5.0,0.0,0.0,0.0,2,P
2026-10-12,24CS021,Monday,0,19.0,1.0,0.14285714285714285,0.0,15,P
2026-10-12,24CS022,Monday,0,2.0,1.0,0.14285714285714285,0.0,1,P
2026-10-12,24CS023,Monday,0,1.0,0.0,0.0,0.0,1,P
2026-10-12,24CS024,Monday,0,7.0,0.0,0.0,0.0,2,P
2026-10-12,24CS025,Monday,0,11.0,1.0,0.14285714285714285,1.0,2,P
2026-10-12,24CS026,Monday,0,0.0,0.0,0.0,0.0,0,P
2026-10-12,24CS027,Monday,0,7.0,0.0,0.0,0.0,2,P
2026-10-12,24CS028,Monday,0,0.0,0.0,0.0,0.0,0,P
2026-10-12,24CS029,Monday,0,9.0,2.0,0.2857142857142857,1.0,1,P
2026-10-12,24CS030,Monday,0,5.0,0.0,0.0,0.0,1,P
2026-10-12,24CS031,Monday,0,4.0,1.0,0.14285714285714285,1.0,1,P
2026-10-12,24CS032,Monday,0,5.0,1.0,0.14285714285714285,0.0,1,P
2026-10-12,24CS033,Monday,0,8.0,1.0,0.14285714285714285,1.0,1,A
2026-10-12,24CS034,Monday,0,4.0,0.0,0.0,0.0,3,P
2026-10-12,24CS035,Monday,0,4.0,1.0,0.14285714285714285,1.0,2,P
2026-10-12,24CS036,Monday,0,9.0,1.0,0.14285714285714285,1.0,2,P
2026-10-12,24CS037,Monday,0,7.0,0.0,0.0,0.0,2,P
2026-10-12,24CS038,Monday,0,3.0,0.0,0.0,0.0,1,P
2026-10-12,24CS039,Monday,0,1.0,0.0,0.0,0.0,1,P
2026-10-12,24CS040,Monday,0,0.0,0.0,0.0,0.0,0,P
2026-10-12,24CS041,Monday,0,5.0,1.0,0.14285714285714285,0.0,1,P
2026-10-12,24CS042,Monday,0,5.0,1.0,0.14285714285714285,0.0,1,P
2026-10-12,24CS043,Monday,0,1.0,0.0,0.0,0.0,1,P
2026-10-12,24CS044,Monday,0,13.0,2.0,0.2857142857142857,0.0,3,P
2026-10-12,24CS045,Monday,0,4.0,1.0,0.14285714285714285,0.0,1,P
2026-10-12,24CS046,Monday,0,4.0,0.0,0.0,0.0,1,P
2026-10-12,24CS047,Monday,0,4.0,0.0,0.0,0.0,2,P
2026-10-13,24CS001,Tuesday,1,1.0,1.0,0.14285714285714285,1.0,1,P
2026-10-13,24CS002,Tuesday,1,4.0,0.0,0.0,0.0,1,P
2026-10-13,24CS003,Tuesday,1,1.0,0.0,0.0,0.0,1,P
2026-10-13,24CS004,Tuesday,1,9.0,1.0,0.14285714285714285,1.0,2,P
2026-10-13,24CS005,Tuesday,1,5.0,0.0,0.0,0.0,1,P
2026-10-13,24CS006,Tuesday,1,15.0,2.0,0.2857142857142857,1.0,5,P
2026-10-13,24CS007,Tuesday,1,5.0,1.0,0.14285714285714285,1.0,2,P
2026-10-13,24CS008,Tuesday,1,11.0,1.0,0.14285714285714285,1.0,1,P
2026-10-13,24CS009,Tuesday,1,6.0,1.0,0.14285714285714285,0.0,2,P
2026-10-13,24CS010,Tuesday,1,3.0,0.0,0.0,0.0,1,P
2026-10-13,24CS011,Tuesday,1,0.0,0.0,0.0,0.0,0,P
2026-10-13,24CS012,Tuesday,1,10.0,0.0,0.0,0.0,2,P
2026-10-13,24CS013,Tuesday,1,14.0,0.0,0.0,0.0,10,P
2026-10-13,24CS015,Tuesday,1,10.0,0.0,0.0,0.0,9,P
2026-10-13,24CS016,Tuesday,1,0.0,0.0,0.0,0.0,0,P
2026-10-13,24CS017,Tuesday,1,2.0,0.0,0.0,0.0,1,P
2026-10-13,24CS018,Tuesday,1,12.0,0.0,0.0,0.0,5,P
2026-10-13,24CS019,Tuesday,1,4.0,1.0,0.14285714285714285,1.0,1,P
2026-10-13,24CS020,Tuesday,1,5.0,0.0,0.0,0.0,2,P
2026-10-13,24CS021,Tuesday,1,19.0,1.0,0.14285714285714285,0.0,15,P
2026-10-13,24CS022,Tuesday,1,2.0,1.0,0.14285714285714285,0.0,1,P
2026-10-13,24CS023,Tuesday,1,1.0,0.0,0.0,0.0,1,P
2026-10-13,24CS024,Tuesday,1,7.0,0.0,0.0,0.0,2,P
2026-10-13,24CS025,Tuesday,1,11.0,1.0,0.14285714285714285,1.0,2,P
2026-10-13,24CS026,Tuesday,1,0.0,0.0,0.0,0.0,0,P
2026-10-13,24CS027,Tuesday,1,7.0,0.0,0.0,0.0,2,P
2026-10-13,24CS028,Tuesday,1,0.0,0.0,0.0,0.0,0,P
2026-10-13,24CS029,Tuesday,1,9.0,2.0,0.2857142857142857,1.0,1,P
2026-10-13,24CS030,Tuesday,1,5.0,0.0,0.0,0.0,1,P
2026-10-13,24CS031,Tuesday,1,4.0,1.0,0.14285714285714285,1.0,1,P
2026-10-13,24CS032,Tuesday,1,5.0,1.0,0.14285714285714285,0.0,1,P
2026-10-13,24CS033,Tuesday,1,8.0,1.0,0.14285714285714285,1.0,1,P
2026-10-13,24CS034,Tuesday,1,4.0,0.0,0.0,0.0,3,P
2026-10-13,24CS035,Tuesday,1,4.0,1.0,0.14285714285714285,1.0,2,P
2026-10-13,24CS036,Tuesday,1,9.0,1.0,0.14285714285714285,1.0,2,P
2026-10-13,24CS037,Tuesday,1,7.0,0.0,0.0,0.0,2,P
2026-10-13,24CS038,Tuesday,1,3.0,0.0,0.0,0.0,1,P
2026-10-13,24CS039,Tuesday,1,1.0,0.0,0.0,0.0,1,P
2026-10-13,24CS040,Tuesday,1,0.0,0.0,0.0,0.0,0,P
2026-10-13,24CS041,Tuesday,1,5.0,1.0,0.14285714285714285,0.0,1,P
2026-10-13,24CS042,Tuesday,1,5.0,1.0,0.14285714285714285,0.0,1,P
2026-10-13,24CS043,Tuesday,1,1.0,0.0,0.0,0.0,1,P
2026-10-13,24CS044,Tuesday,1,13.0,2.0,0.2857142857142857,0.0,3,P
2026-10-13,24CS045,Tuesday,1,4.0,1.0,0.14285714285714285,0.0,1,P
2026-10-13,24CS046,Tuesday,1,4.0,0.0,0.0,0.0,1,P
2026-10-13,24CS047,Tuesday,1,4.0,0.0,0.0,0.0,2,P
2026-10-14,24CS001,Wednesday,2,1.0,1.0,0.14285714285714285,1.0,1,P
2026-10-14,24CS002,Wednesday,2,4.0,0.0,0.0,0.0,1,P
2026-10-14,24CS003,Wednesday,2,1.0,0.0,0.0,0.0,1,P
2026-10-14,24CS004,Wednesday,2,9.0,1.0,0.14285714285714285,1.0,2,P
2026-10-14,24CS005,Wednesday,2,5.0,0.0,0.0,0.0,1,P
2026-10-14,24CS006,Wednesday,2,15.0,2.0,0.2857142857142857,1.0,5,P
2026-10-14,24CS007,Wednesday,2,5.0,1.0,0.14285714285714285,1.0,2,P
2026-10-14,24CS008,Wednesday,2,11.0,1.0,0.14285714285714285,1.0,1,P
2026-10-14,24CS009,Wednesday,2,6.0,1.0,0.14285714285714285,0.0,2,P
2026-10-14,24CS010,Wednesday,2,3.0,0.0,0.0,0.0,1,P
2026-10-14,24CS011,Wednesday,2,0.0,0.0,0.0,0.0,0,P
2026-10-14,24CS012,Wednesday,2,10.0,0.0,0.0,0.0,2,P
2026-10-14,24CS013,Wednesday,2,14.0,0.0,0.0,0.0,10,P
2026-10-14,24CS015,Wednesday,2,10.0,0.0,0.0,0.0,9,P
2026-10-14,24CS016,Wednesday,2,0.0,0.0,0.0,0.0,0,P
2026-10-14,24CS017,Wednesday,2,2.0,0.0,0.0,0.0,1,P
2026-10-14,24CS018,Wednesday,2,12.0,0.0,0.0,0.0,5,P
2026-10-14,24CS019,Wednesday,2,4.0,1.0,0.14285714285714285,1.0,1,P
2026-10-14,24CS020,Wednesday,2,5.0,0.0,0.0,0.0,2,P
2026-10-14,24CS021,Wednesday,2,19.0,1.0,0.14285714285714285,0.0,15,A
2026-10-14,24CS022,Wednesday,2,2.0,1.0,0.14285714285714285,0.0,1,P
2026-10-14,24CS023,Wednesday,2,1.0,0.0,0.0,0.0,1,P
2026-10-14,24CS024,Wednesday,2,7.0,0.0,0.0,0.0,2,P
2026-10-14,24CS025,Wednesday,2,11.0,1.0,0.14285714285714285,1.0,2,P
2026-10-14,24CS026,Wednesday,2,0.0,0.0,0.0,0.0,0,P
2026-10-14,24CS027,Wednesday,2,7.0,0.0,0.0,0.0,2,P
2026-10-14,24CS028,Wednesday,2,0.0,0.0,0.0,0.0,0,P
2026-10-14,24CS029,Wednesday,2,9.0,2.0,0.2857142857142857,1.0,1,P
2026-10-14,24CS030,Wednesday,2,5.0,0.0,0.0,0.0,1,P
2026-10-14,24CS031,Wednesday,2,4.0,1.0,0.14285714285714285,1.0,1,P
2026-10-14,24CS032,Wednesday,2,5.0,1.0,0.14285714285714285,0.0,1,P
2026-10-14,24CS033,Wednesday,2,8.0,1.0,0.14285714285714285,1.0,1,P
2026-10-14,24CS034,Wednesday,2,4.0,0.0,0.0,0.0,3,P
2026-10-14,24CS035,Wednesday,2,4.0,1.0,0.14285714285714285,1.0,2,P
2026-10-14,24CS036,Wednesday,2,9.0,1.0,0.14285714285714285,1.0,2,P
2026-10-14,24CS037,Wednesday,2,7.0,0.0,0.0,0.0,2,P
2026-10-14,24CS038,Wednesday,2,3.0,0.0,0.0,0.0,1,P
2026-10-14,24CS039,Wednesday,2,1.0,0.0,0.0,0.0,1,P
2026-10-14,24CS040,Wednesday,2,0.0,0.0,0.0,0.0,0,P
2026-10-14,24CS041,Wednesday,2,5.0,1.0,0.14285714285714285,0.0,1,A
2026-10-14,24CS042,Wednesday,2,5.0,1.0,0.14285714285714285,0.0,1,P
2026-10-14,24CS043,Wednesday,2,1.0,0.0,0.0,0.0,1,P
2026-10-14,24CS044,Wednesday,2,13.0,2.0,0.2857142857142857,0.0,3,P
2026-10-14,24CS045,Wednesday,2,4.0,1.0,0.14285714285714285,0.0,1,P
2026-10-14,24CS046,Wednesday,2,4.0,0.0,0.0,0.0,1,P
2026-10-14,24CS047,Wednesday,2,4.0,0.0,0.0,0.0,2,P
2026-10-15,24CS001,Thursday,3,1.0,1.0,0.14285714285714285,1.0,1,P
2026-10-15,24CS002,Thursday,3,4.0,0.0,0.0,0.0,1,P
2026-10-15,24CS003,Thursday,3,1.0,0.0,0.0,0.0,1,P
2026-10-15,24CS004,Thursday,3,9.0,1.0,0.14285714285714285,1.0,2,P
2026-10-15,24CS005,Thursday,3,5.0,0.0,0.0,0.0,1,P
2026-10-15,24CS006,Thursday,3,15.0,2.0,0.2857142857142857,1.0,5,P
2026-10-15,24CS007,Thursday,3,5.0,1.0,0.14285714285714285,1.0,2,P
2026-10-15,24CS008,Thursday,3,11.0,1.0,0.14285714285714285,1.0,1,P
2026-10-15,24CS009,Thursday,3,6.0,1.0,0.14285714285714285,0.0,2,P
2026-10-15,24CS010,Thursday,3,3.0,0.0,0.0,0.0,1,P
2026-10-15,24CS011,Thursday,3,0.0,0.0,0.0,0.0,0,P
2026-10-15,24CS012,Thursday,3,10.0,0.0,0.0,0.0,2,P
2026-10-15,24CS013,Thursday,3,14.0,0.0,0.0,0.0,10,P
2026-10-15,24CS015,Thursday,3,10.0,0.0,0.0,0.0,9,P
2026-10-15,24CS016,Thursday,3,0.0,0.0,0.0,0.0,0,P
2026-10-15,24CS017,Thursday,3,2.0,0.0,0.0,0.0,1,P
2026-10-15,24CS018,Thursday,3,12.0,0.0,0.0,0.0,5,P
2026-10-15,24CS019,Thursday,3,4.0,1.0,0.14285714285714285,1.0,1,P
2026-10-15,24CS020,Thursday,3,5.0,0.0,0.0,0.0,2,P
2026-10-15,24CS021,Thursday,3,19.0,1.0,0.14285714285714285,0.0,15,P
2026-10-15,24CS022,Thursday,3,2.0,1.0,0.14285714285714285,0.0,1,P
2026-10-15,24CS023,Thursday,3,1.0,0.0,0.0,0.0,1,P
2026-10-15,24CS024,Thursday,3,7.0,0.0,0.0,0.0,2,P
2026-10-15,24CS025,Thursday,3,11.0,1.0,0.14285714285714285,1.0,2,P
2026-10-15,24CS026,Thursday,3,0.0,0.0,0.0,0.0,0,P
2026-10-15,24CS027,Thursday,3,7.0,0.0,0.0,0.0,2,P
2026-10-15,24CS028,Thursday,3,0.0,0.0,0.0,0.0,0,P
2026-10-15,24CS029,Thursday,3,9.0,2.0,0.2857142857142857,1.0,1,P
2026-10-15,24CS030,Thursday,3,5.0,0.0,0.0,0.0,1,P
2026-10-15,24CS031,Thursday,3,4.0,1.0,0.14285714285714285,1.0,1,P
2026-10-15,24CS032,Thursday,3,5.0,1.0,0.14285714285714285,0.0,1,P
2026-10-15,24CS033,Thursday,3,8.0,1.0,0.14285714285714285,1.0,1,P
2026-10-15,24CS034,Thursday,3,4.0,0.0,0.0,0.0,3,P
2026-10-15,24CS035,Thursday,3,4.0,1.0,0.14285714285714285,1.0,2,P
2026-10-15,24CS036,Thursday,3,9.0,1.0,0.14285714285714285,1.0,2,P
2026-10-15,24CS037,Thursday,3,7.0,0.0,0.0,0.0,2,P
2026-10-15,24CS038,Thursday,3,3.0,0.0,0.0,0.0,1,P
2026-10-15,24CS039,Thursday,3,1.0,0.0,0.0,0.0,1,P
2026-10-15,24CS040,Thursday,3,0.0,0.0,0.0,0.0,0,P
2026-10-15,24CS041,Thursday,3,5.0,1.0,0.14285714285714285,0.0,1,P
2026-10-15,24CS042,Thursday,3,5.0,1.0,0.14285714285714285,0.0,1,P
2026-10-15,24CS043,Thursday,3,1.0,0.0,0.0,0.0,1,P
2026-10-15,24CS044,Thursday,3,13.0,2.0,0.2857142857142857,0.0,3,P
2026-10-15,24CS045,Thursday,3,4.0,1.0,0.14285714285714285,0.0,1,P
2026-10-15,24CS046,Thursday,3,4.0,0.0,0.0,0.0,1,P
2026-10-15,24CS047,Thursday,3,4.0,0.0,0.0,0.0,2,P
2026-10-16,24CS001,Friday,4,1.0,1.0,0.14285714285714285,1.0,1,P
2026-10-16,24CS002,Friday,4,4.0,0.0,0.0,0.0,1,P
2026-10-16,24CS003,Friday,4,1.0,0.0,0.0,0.0,1,P
2026-10-16,24CS004,Friday,4,9.0,1.0,0.14285714285714285,1.0,2,P
2026-10-16,24CS005,Friday,4,5.0,0.0,0.0,0.0,1,P
2026-10-16,24CS006,Friday,4,15.0,2.0,0.2857142857142857,1.0,5,P
2026-10-16,24CS007,Friday,4,5.0,1.0,0.14285714285714285,1.0,2,P
2026-10-16,24CS008,Friday,4,11.0,1.0,0.14285714285714285,1.0,1,P
2026-10-16,24CS009,Friday,4,6.0,1.0,0.14285714285714285,0.0,2,P
2026-10-16,24CS010,Friday,4,3.0,0.0,0.0,0.0,1,P
2026-10-16,24CS011,Friday,4,0.0,0.0,0.0,0.0,0,P
2026-10-16,24CS012,Friday,4,10.0,0.0,0.0,0.0,2,P
2026-10-16,24CS013,Friday,4,14.0,0.0,0.0,0.0,10,A
2026-10-16,24CS015,Friday,4,10.0,0.0,0.0,0.0,9,P
2026-10-16,24CS016,Friday,4,0.0,0.0,0.0,0.0,0,P
2026-10-16,24CS017,Friday,4,2.0,0.0,0.0,0.0,1,P
2026-10-16,24CS018,Friday,4,12.0,0.0,0.0,0.0,5,P
2026-10-16,24CS019,Friday,4,4.0,1.0,0.14285714285714285,1.0,1,P
2026-10-16,24CS020,Friday,4,5.0,0.0,0.0,0.0,2,P
2026-10-16,24CS021,Friday,4,19.0,1.0,0.14285714285714285,0.0,15,P
2026-10-16,24CS022,Friday,4,2.0,1.0,0.14285714285714285,0.0,1,P
2026-10-16,24CS023,Friday,4,1.0,0.0,0.0,0.0,1,P
2026-10-16,24CS024,Friday,4,7.0,0.0,0.0,0.0,2,P
2026-10-16,24CS025,Friday,4,11.0,1.0,0.14285714285714285,1.0,2,P
2026-10-16,24CS026,Friday,4,0.0,0.0,0.0,0.0,0,P
2026-10-16,24CS027,Friday,4,7.0,0.0,0.0,0.0,2,P
2026-10-16,24CS028,Friday,4,0.0,0.0,0.0,0.0,0,P
2026-10-16,24CS029,Friday,4,9.0,2.0,0.2857142857142857,1.0,1,P
2026-10-16,24CS030,Friday,4,5.0,0.0,0.0,0.0,1,P
2026-10-16,24CS031,Friday,4,4.0,1.0,0.14285714285714285,1.0,1,P
2026-10-16,24CS032,Friday,4,5.0,1.0,0.14285714285714285,0.0,1,P
2026-10-16,24CS033,Friday,4,8.0,1.0,0.14285714285714285,1.0,1,P
2026-10-16,24CS034,Friday,4,4.0,0.0,0.0,0.0,3,P
2026-10-16,24CS035,Friday,4,4.0,1.0,0.14285714285714285,1.0,2,P
2026-10-16,24CS036,Friday,4,9.0,1.0,0.14285714285714285,1.0,2,P
2026-10-16,24CS037,Friday,4,7.0,0.0,0.0,0.0,2,P
2026-10-16,24CS038,Friday,4,3.0,0.0,0.0,0.0,1,P
2026-10-16,24CS039,Friday,4,1.0,0.0,0.0,0.0,1,P
2026-10-16,24CS040,Friday,4,0.0,0.0,0.0,0.0,0,P
2026-10-16,24CS041,Friday,4,5.0,1.0,0.14285714285714285,0.0,1,P
2026-10-16,24CS042,Friday,4,5.0,1.0,0.14285714285714285,0.0,1,P
2026-10-16,24CS043,Friday,4,1.0,0.0,0.0,0.0,1,P
2026-10-16,24CS044,Friday,4,13.0,2.0,0.2857142857142857,0.0,3,P
2026-10-16,24CS045,Friday,4,4.0,1.0,0.14285714285714285,0.0,1,P
2026-10-16,24CS046,Friday,4,4.0,0.0,0.0,0.0,1,P
2026-10-16,24CS047,Friday,4,4.0,0.0,0.0,0.0,2,P
2026-10-17,24CS001,Saturday,5,1.0,1.0,0.14285714285714285,1.0,1,P
2026-10-17,24CS002,Saturday,5,4.0,0.0,0.0,0.0,1,P
2026-10-17,24CS003,Saturday,5,1.0,0.0,0.0,0.0,1,P
2026-10-17,24CS004,Saturday,5,9.0,1.0,0.14285714285714285,1.0,2,P
2026-10-17,24CS005,Saturday,5,5.0,0.0,0.0,0.0,1,P
2026-10-17,24CS006,Saturday,5,15.0,2.0,0.2857142857142857,1.0,5,P
2026-10-17,24CS007,Saturday,5,5.0,1.0,0.14285714285714285,1.0,2,P
2026-10-17,24CS008,Saturday,5,11.0,1.0,0.14285714285714285,1.0,1,P
2026-10-17,24CS009,Saturday,5,6.0,1.0,0.14285714285714285,0.0,2,P
2026-10-17,24CS010,Saturday,5,3.0,0.0,0.0,0.0,1,P
2026-10-17,24CS011,Saturday,5,0.0,0.0,0.0,0.0,0,P
2026-10-17,24CS012,Saturday,5,10.0,0.0,0.0,0.0,2,P
2026-10-17,24CS013,Saturday,5,14.0,0.0,0.0,0.0,10,P
2026-10-17,24CS015,Saturday,5,10.0,0.0,0.0,0.0,9,P
2026-10-17,24CS016,Saturday,5,0.0,0.0,0.0,0.0,0,P
2026-10-17,24CS017,Saturday,5,2.0,0.0,0.0,0.0,1,P
2026-10-17,24CS018,Saturday,5,12.0,0.0,0.0,0.0,5,P
2026-10-17,24CS019,Saturday,5,4.0,1.0,0.14285714285714285,1.0,1,P
2026-10-17,24CS020,Saturday,5,5.0,0.0,0.0,0.0,2,P
2026-10-17,24CS021,Saturday,5,19.0,1.0,0.14285714285714285,0.0,15,P
2026-10-17,24CS022,Saturday,5,2.0,1.0,0.14285714285714285,0.0,1,P
2026-10-17,24CS023,Saturday,5,1.0,0.0,0.0,0.0,1,P
2026-10-17,24CS024,Saturday,5,7.0,0.0,0.0,0.0,2,P
2026-10-17,24CS025,Saturday,5,11.0,1.0,0.14285714285714285,1.0,2,P
2026-10-17,24CS026,Saturday,5,0.0,0.0,0.0,0.0,0,P
2026-10-17,24CS027,Saturday,5,7.0,0.0,0.0,0.0,2,P
2026-10-17,24CS028,Saturday,5,0.0,0.0,0.0,0.0,0,P
2026-10-17,24CS029,Saturday,5,9.0,2.0,0.2857142857142857,1.0,1,P
2026-10-17,24CS030,Saturday,5,5.0,0.0,0.0,0.0,1,P
2026-10-17,24CS031,Saturday,5,4.0,1.0,0.14285714285714285,1.0,1,P
2026-10-17,24CS032,Saturday,5,5.0,1.0,0.14285714285714285,0.0,1,P
2026-10-17,24CS033,Saturday,5,8.0,1.0,0.14285714285714285,1.0,1,P
2026-10-17,24CS034,Saturday,5,4.0,0.0,0.0,0.0,3,P
2026-10-17,24CS035,Saturday,5,4.0,1.0,0.14285714285714285,1.0,2,P
2026-10-17,24CS036,Saturday,5,9.0,1.0,0.14285714285714285,1.0,2,P
2026-10-17,24CS037,Saturday,5,7.0,0.0,0.0,0.0,2,P
2026-10-17,24CS038,Saturday,5,3.0,0.0,0.0,0.0,1,P
2026-10-17,24CS039,Saturday,5,1.0,0.0,0.0,0.0,1,P
2026-10-17,24CS040,Saturday,5,0.0,0.0,0.0,0.0,0,P
2026-10-17,24CS041,Saturday,5,5.0,1.0,0.14285714285714285,0.0,1,P
2026-10-17,24CS042,Saturday,5,5.0,1.0,0.14285714285714285,0.0,1,P
2026-10-17,24CS043,Saturday,5,1.0,0.0,0.0,0.0,1,P
2026-10-17,24CS044,Saturday,5,13.0,2.0,0.2857142857142857,0.0,3,P
2026-10-17,24CS045,Saturday,5,4.0,1.0,0.14285714285714285,0.0,1,P
2026-10-17,24CS046,Saturday,5,4.0,0.0,0.0,0.0,1,P
2026-10-17,24CS047,Saturday,5,4.0,0.0,0.0,0.0,2,P
2026-10-18,24CS001,Sunday,6,1.0,1.0,0.14285714285714285,1.0,1,P
2026-10-18,24CS002,Sunday,6,4.0,0.0,0.0,0.0,1,P
2026-10-18,24CS003,Sunday,6,1.0,0.0,0.0,0.0,1,P
2026-10-18,24CS004,Sunday,6,9.0,1.0,0.14285714285714285,1.0,2,P
2026-10-18,24CS005,Sunday,6,5.0,0.0,0.0,0.0,1,P
2026-10-18,24CS006,Sunday,6,15.0,2.0,0.2857142857142857,1.0,5,P
2026-10-18,24CS007,Sunday,6,5.0,1.0,0.14285714285714285,1.0,2,P
2026-10-18,24CS008,Sunday,6,11.0,1.0,0.14285714285714285,1.0,1,P
2026-10-18,24CS009,Sunday,6,6.0,1.0,0.14285714285714285,0.0,2,P
2026-10-18,24CS010,Sunday,6,3.0,0.0,0.0,0.0,1,P
2026-10-18,24CS011,Sunday,6,0.0,0.0,0.0,0.0,0,P
2026-10-18,24CS012,Sunday,6,10.0,0.0,0.0,0.0,2,P
2026-10-18,24CS013,Sunday,6,14.0,0.0,0.0,0.0,10,P
2026-10-18,24CS015,Sunday,6,10.0,0.0,0.0,0.0,9,P
2026-10-18,24CS016,Sunday,6,0.0,0.0,0.0,0.0,0,P
2026-10-18,24CS017,Sunday,6,2.0,0.0,0.0,0.0,1,P
2026-10-18,24CS018,Sunday,6,12.0,0.0,0.0,0.0,5,P
2026-10-18,24CS019,Sunday,6,4.0,1.0,0.14285714285714285,1.0,1,P
2026-10-18,24CS020,Sunday,6,5.0,0.0,0.0,0.0,2,P
2026-10-18,24CS021,Sunday,6,19.0,1.0,0.14285714285714285,0.0,15,P
2026-10-18,24CS022,Sunday,6,2.0,1.0,0.14285714285714285,0.0,1,P
2026-10-18,24CS023,Sunday,6,1.0,0.0,0.0,0.0,1,P
2026-10-18,24CS024,Sunday,6,7.0,0.0,0.0,0.0,2,P
2026-10-18,24CS025,Sunday,6,11.0,1.0,0.14285714285714285,1.0,2,P
2026-10-18,24CS026,Sunday,6,0.0,0.0,0.0,0.0,0,P
2026-10-18,24CS027,Sunday,6,7.0,0.0,0.0,0.0,2,P
2026-10-18,24CS028,Sunday,6,0.0,0.0,0.0,0.0,0,P
2026-10-18,24CS029,Sunday,6,9.0,2.0,0.2857142857142857,1.0,1,P
2026-10-18,24CS030,Sunday,6,5.0,0.0,0.0,0.0,1,P
2026-10-18,24CS031,Sunday,6,4.0,1.0,0.14285714285714285,1.0,1,P
2026-10-18,24CS032,Sunday,6,5.0,1.0,0.14285714285714285,0.0,1,P
2026-10-18,24CS033,Sunday,6,8.0,1.0,0.14285714285714285,1.0,1,P
2026-10-18,24CS034,Sunday,6,4.0,0.0,0.0,0.0,3,P
2026-10-18,24CS035,Sunday,6,4.0,1.0,0.14285714285714285,1.0,2,P
2026-10-18,24CS036,Sunday,6,9.0,1.0,0.14285714285714285,1.0,2,P
2026-10-18,24CS037,Sunday,6,7.0,0.0,0.0,0.0,2,P
2026-10-18,24CS038,Sunday,6,3.0,0.0,0.0,0.0,1,P
2026-10-18,24CS039,Sunday,6,1.0,0.0,0.0,0.0,1,P
2026-10-18,24CS040,Sunday,6,0.0,0.0,0.0,0.0,0,P
2026-10-18,24CS041,Sunday,6,5.0,1.0,0.14285714285714285,0.0,1,P
2026-10-18,24CS042,Sunday,6,5.0,1.0,0.14285714285714285,0.0,1,P
2026-10-18,24CS043,Sunday,6,1.0,0.0,0.0,0.0,1,P
2026-10-18,24CS044,Sunday,6,13.0,2.0,0.2857142857142857,0.0,3,P
2026-10-18,24CS045,Sunday,6,4.0,1.0,0.14285714285714285,0.0,1,P
2026-10-18,24CS046,Sunday,6,4.0,0.0,0.0,0.0,1,P
2026-10-18,24CS047,Sunday,6,4.0,0.0,0.0,0.0,2,P
2026-10-19,24CS001,Monday,0,1.0,1.0,0.14285714285714285,1.0,1,P
2026-10-19,24CS002,Monday,0,4.0,0.0,0.0,0.0,1,P
2026-10-19,24CS003,Monday,0,1.0,0.0,0.0,0.0,1,P
2026-10-19,24CS004,Monday,0,9.0,1.0,0.14285714285714285,1.0,2,P
2026-10-19,24CS005,Monday,0,5.0,0.0,0.0,0.0,1,P
2026-10-19,24CS006,Monday,0,15.0,2.0,0.2857142857142857,1.0,5,A
2026-10-19,24CS007,Monday,0,5.0,1.0,0.14285714285714285,1.0,2,P
2026-10-19,24CS008,Monday,0,11.0,1.0,0.14285714285714285,1.0,1,P
2026-10-19,24CS009,Monday,0,6.0,1.0,0.14285714285714285,0.0,2,A
2026-10-19,24CS010,Monday,0,3.0,0.0,0.0,0.0,1,P
2026-10-19,24CS011,Monday,0,0.0,0.0,0.0,0.0,0,P
2026-10-19,24CS012,Monday,0,10.0,0.0,0.0,0.0,2,P
2026-10-19,24CS013,Monday,0,14.0,0.0,0.0,0.0,10,P
2026-10-19,24CS015,Monday,0,10.0,0.0,0.0,0.0,9,P
2026-10-19,24CS016,Monday,0,0.0,0.0,0.0,0.0,0,P
2026-10-19,24CS017,Monday,0,2.0,0.0,0.0,0.0,1,P
2026-10-19,24CS018,Monday,0,12.0,0.0,0.0,0.0,5,P
2026-10-19,24CS019,Monday,0,4.0,1.0,0.14285714285714285,1.0,1,P
2026-10-19,24CS020,Monday,0,5.0,0.0,0.0,0.0,2,P
2026-10-19,24CS021,Monday,0,19.0,1.0,0.14285714285714285,0.0,15,P
2026-10-19,24CS022,Monday,0,2.0,1.0,0.14285714285714285,0.0,1,P
2026-10-19,24CS023,Monday,0,1.0,0.0,0.0,0.0,1,P
2026-10-19,24CS024,Monday,0,7.0,0.0,0.0,0.0,2,P
2026-10-19,24CS025,Monday,0,11.0,1.0,0.14285714285714285,1.0,2,P
2026-10-19,24CS026,Monday,0,0.0,0.0,0.0,0.0,0,P
2026-10-19,24CS027,Monday,0,7.0,0.0,0.0,0.0,2,P
2026-10-19,24CS028,Monday,0,0.0,0.0,0.0,0.0,0,P
2026-10-19,24CS029,Monday,0,9.0,2.0,0.2857142857142857,1.0,1,P
2026-10-19,24CS030,Monday,0,5.0,0.0,0.0,0.0,1,P
2026-10-19,24CS031,Monday,0,4.0,1.0,0.14285714285714285,1.0,1,P
2026-10-19,24CS032,Monday,0,5.0,1.0,0.14285714285714285,0.0,1,P
2026-10-19,24CS033,Monday,0,8.0,1.0,0.14285714285714285,1.0,1,A
2026-10-19,24CS034,Monday,0,4.0,0.0,0.0,0.0,3,P
2026-10-19,24CS035,Monday,0,4.0,1.0,0.14285714285714285,1.0,2,P
2026-10-19,24CS036,Monday,0,9.0,1.0,0.14285714285714285,1.0,2,P
2026-10-19,24CS037,Monday,0,7.0,0.0,0.0,0.0,2,P
2026-10-19,24CS038,Monday,0,3.0,0.0,0.0,0.0,1,P
2026-10-19,24CS039,Monday,0,1.0,0.0,0.0,0.0,1,P
2026-10-19,24CS040,Monday,0,0.0,0.0,0.0,0.0,0,P
2026-10-19,24CS041,Monday,0,5.0,1.0,0.14285714285714285,0.0,1,P
2026-10-19,24CS042,Monday,0,5.0,1.0,0.14285714285714285,0.0,1,P
2026-10-19,24CS043,Monday,0,1.0,0.0,0.0,0.0,1,P
2026-10-19,24CS044,Monday,0,13.0,2.0,0.2857142857142857,0.0,3,P
2026-10-19,24CS045,Monday,0,4.0,1.0,0.14285714285714285,0.0,1,P
2026-10-19,24CS046,Monday,0,4.0,0.0,0.0,0.0,1,P
2026-10-19,24CS047,Monday,0,4.0,0.0,0.0,0.0,2,P
2026-10-20,24CS001,Tuesday,1,1.0,1.0,0.14285714285714285,1.0,1,P
2026-10-20,24CS002,Tuesday,1,4.0,0.0,0.0,0.0,1,P
2026-10-20,24CS003,Tuesday,1,1.0,0.0,0.0,0.0,1,P
2026-10-20,24CS004,Tuesday,1,9.0,1.0,0.14285714285714285,1.0,2,P
2026-10-20,24CS005,Tuesday,1,5.0,0.0,0.0,0.0,1,P
2026-10-20,24CS006,Tuesday,1,15.0,2.0,0.2857142857142857,1.0,5,P
2026-10-20,24CS007,Tuesday,1,5.0,1.0,0.14285714285714285,1.0,2,P
2026-10-20,24CS008,Tuesday,1,11.0,1.0,0.14285714285714285,1.0,1,P
2026-10-20,24CS009,Tuesday,1,6.0,1.0,0.14285714285714285,0.0,2,P
2026-10-20,24CS010,Tuesday,1,3.0,0.0,0.0,0.0,1,P
2026-10-20,24CS011,Tuesday,1,0.0,0.0,0.0,0.0,0,P
2026-10-20,24CS012,Tuesday,1,10.0,0.0,0.0,0.0,2,P
2026-10-20,24CS013,Tuesday,1,14.0,0.0,0.0,0.0,10,P
2026-10-20,24CS015,Tuesday,1,10.0,0.0,0.0,0.0,9,P
2026-10-20,24CS016,Tuesday,1,0.0,0.0,0.0,0.0,0,P
2026-10-20,24CS017,Tuesday,1,2.0,0.0,0.0,0.0,1,P
2026-10-20,24CS018,Tuesday,1,12.0,0.0,0.0,0.0,5,P
2026-10-20,24CS019,Tuesday,1,4.0,1.0,0.14285714285714285,1.0,1,P
2026-10-20,24CS020,Tuesday,1,5.0,0.0,0.0,0.0,2,P
2026-10-20,24CS021,Tuesday,1,19.0,1.0,0.14285714285714285,0.0,15,P
2026-10-20,24CS022,Tuesday,1,2.0,1.0,0.14285714285714285,0.0,1,P
2026-10-20,24CS023,Tuesday,1,1.0,0.0,0.0,0.0,1,P
2026-10-20,24CS024,Tuesday,1,7.0,0.0,0.0,0.0,2,P
2026-10-20,24CS025,Tuesday,1,11.0,1.0,0.14285714285714285,1.0,2,P
2026-10-20,24CS026,Tuesday,1,0.0,0.0,0.0,0.0,0,P
2026-10-20,24CS027,Tuesday,1,7.0,0.0,0.0,0.0,2,P
2026-10-20,24CS028,Tuesday,1,0.0,0.0,0.0,0.0,0,P
2026-10-20,24CS029,Tuesday,1,9.0,2.0,0.2857142857142857,1.0,1,P
2026-10-20,24CS030,Tuesday,1,5.0,0.0,0.0,0.0,1,P
2026-10-20,24CS031,Tuesday,1,4.0,1.0,0.14285714285714285,1.0,1,P
2026-10-20,24CS032,Tuesday,1,5.0,1.0,0.14285714285714285,0.0,1,P
2026-10-20,24CS033,Tuesday,1,8.0,1.0,0.14285714285714285,1.0,1,P
2026-10-20,24CS034,Tuesday,1,4.0,0.0,0.0,0.0,3,P
2026-10-20,24CS035,Tuesday,1,4.0,1.0,0.14285714285714285,1.0,2,P
2026-10-20,24CS036,Tuesday,1,9.0,1.0,0.14285714285714285,1.0,2,P
2026-10-20,24CS037,Tuesday,1,7.0,0.0,0.0,0.0,2,P
2026-10-20,24CS038,Tuesday,1,3.0,0.0,0.0,0.0,1,P
2026-10-20,24CS039,Tuesday,1,1.0,0.0,0.0,0.0,1,P
2026-10-20,24CS040,Tuesday,1,0.0,0.0,0.0,0.0,0,P
2026-10-20,24CS041,Tuesday,1,5.0,1.0,0.14285714285714285,0.0,1,P
2026-10-20,24CS042,Tuesday,1,5.0,1.0,0.14285714285714285,0.0,1,P
2026-10-20,24CS043,Tuesday,1,1.0,0.0,0.0,0.0,1,P
2026-10-20,24CS044,Tuesday,1,13.0,2.0,0.2857142857142857,0.0,3,P
2026-10-20,24CS045,Tuesday,1,4.0,1.0,0.14285714285714285,0.0,1,P
2026-10-20,24CS046,Tuesday,1,4.0,0.0,0.0,0.0,1,P
2026-10-20,24CS047,Tuesday,1,4.0,0.0,0.0,0.0,2,P
2026-10-21,24CS001,Wednesday,2,1.0,1.0,0.14285714285714285,1.0,1,P
2026-10-21,24CS002,Wednesday,2,4.0,0.0,0.0,0.0,1,P
2026-10-21,24CS003,Wednesday,2,1.0,0.0,0.0,0.0,1,P
2026-10-21,24CS004,Wednesday,2,9.0,1.0,0.14285714285714285,1.0,2,P
2026-10-21,24CS005,Wednesday,2,5.0,0.0,0.0,0.0,1,P
2026-10-21,24CS006,Wednesday,2,15.0,2.0,0.2857142857142857,1.0,5,P
2026-10-21,24CS007,Wednesday,2,5.0,1.0,0.14285714285714285,1.0,2,P
2026-10-21,24CS008,Wednesday,2,11.0,1.0,0.14285714285714285,1.0,1,P
2026-10-21,24CS009,Wednesday,2,6.0,1.0,0.14285714285714285,0.0,2,P
2026-10-21,24CS010,Wednesday,2,3.0,0.0,0.0,0.0,1,P
2026-10-21,24CS011,Wednesday,2,0.0,0.0,0.0,0.0,0,P
2026-10-21,24CS012,Wednesday,2,10.0,0.0,0.0,0.0,2,P
2026-10-21,24CS013,Wednesday,2,14.0,0.0,0.0,0.0,10,P
2026-10-21,24CS015,Wednesday,2,10.0,0.0,0.0,0.0,9,P
2026-10-21,24CS016,Wednesday,2,0.0,0.0,0.0,0.0,0,P
2026-10-21,24CS017,Wednesday,2,2.0,0.0,0.0,0.0,1,P
2026-10-21,24CS018,Wednesday,2,12.0,0.0,0.0,0.0,5,P
2026-10-21,24CS019,Wednesday,2,4.0,1.0,0.14285714285714285,1.0,1,P
2026-10-21,24CS020,Wednesday,2,5.0,0.0,0.0,0.0,2,P
2026-10-21,24CS021,Wednesday,2,19.0,1.0,0.14285714285714285,0.0,15,A
2026-10-21,24CS022,Wednesday,2,2.0,1.0,0.14285714285714285,0.0,1,P
2026-10-21,24CS023,Wednesday,2,1.0,0.0,0.0,0.0,1,P
2026-10-21,24CS024,Wednesday,2,7.0,0.0,0.0,0.0,2,P
2026-10-21,24CS025,Wednesday,2,11.0,1.0,0.14285714285714285,1.0,2,P
2026-10-21,24CS026,Wednesday,2,0.0,0.0,0.0,0.0,0,P
2026-10-21,24CS027,Wednesday,2,7.0,0.0,0.0,0.0,2,P
2026-10-21,24CS028,Wednesday,2,0.0,0.0,0.0,0.0,0,P
2026-10-21,24CS029,Wednesday,2,9.0,2.0,0.2857142857142857,1.0,1,P
2026-10-21,24CS030,Wednesday,2,5.0,0.0,0.0,0.0,1,P
2026-10-21,24CS031,Wednesday,2,4.0,1.0,0.14285714285714285,1.0,1,P
2026-10-21,24CS032,Wednesday,2,5.0,1.0,0.14285714285714285,0.0,1,P
2026-10-21,24CS033,Wednesday,2,8.0,1.0,0.14285714285714285,1.0,1,P
2026-10-21,24CS034,Wednesday,2,4.0,0.0,0.0,0.0,3,P
2026-10-21,24CS035,Wednesday,2,4.0,1.0,0.14285714285714285,1.0,2,P
2026-10-21,24CS036,Wednesday,2,9.0,1.0,0.14285714285714285,1.0,2,P
2026-10-21,24CS037,Wednesday,2,7.0,0.0,0.0,0.0,2,P
2026-10-21,24CS038,Wednesday,2,3.0,0.0,0.0,0.0,1,P
2026-10-21,24CS039,Wednesday,2,1.0,0.0,0.0,0.0,1,P
2026-10-21,24CS040,Wednesday,2,0.0,0.0,0.0,0.0,0,P
2026-10-21,24CS041,Wednesday,2,5.0,1.0,0.14285714285714285,0.0,1,A
2026-10-21,24CS042,Wednesday,2,5.0,1.0,0.14285714285714285,0.0,1,P
2026-10-21,24CS043,Wednesday,2,1.0,0.0,0.0,0.0,1,P
2026-10-21,24CS044,Wednesday,2,13.0,2.0,0.2857142857142857,0.0,3,P
2026-10-21,24CS045,Wednesday,2,4.0,1.0,0.14285714285714285,0.0,1,P
2026-10-21,24CS046,Wednesday,2,4.0,0.0,0.0,0.0,1,P
2026-10-21,24CS047,Wednesday,2,4.0,0.0,0.0,0.0,2,P
2026-10-22,24CS001,Thursday,3,1.0,1.0,0.14285714285714285,1.0,1,P
2026-10-22,24CS002,Thursday,3,4.0,0.0,0.0,0.0,1,P
2026-10-22,24CS003,Thursday,3,1.0,0.0,0.0,0.0,1,P
2026-10-22,24CS004,Thursday,3,9.0,1.0,0.14285714285714285,1.0,2,P
2026-10-22,24CS005,Thursday,3,5.0,0.0,0.0,0.0,1,P
2026-10-22,24CS006,Thursday,3,15.0,2.0,0.2857142857142857,1.0,5,P
2026-10-22,24CS007,Thursday,3,5.0,1.0,0.14285714285714285,1.0,2,P
2026-10-22,24CS008,Thursday,3,11.0,1.0,0.14285714285714285,1.0,1,P
2026-10-22,24CS009,Thursday,3,6.0,1.0,0.14285714285714285,0.0,2,P
2026-10-22,24CS010,Thursday,3,3.0,0.0,0.0,0.0,1,P
2026-10-22,24CS011,Thursday,3,0.0,0.0,0.0,0.0,0,P
2026-10-22,24CS012,Thursday,3,10.0,0.0,0.0,0.0,2,P
2026-10-22,24CS013,Thursday,3,14.0,0.0,0.0,0.0,10,P
2026-10-22,24CS015,Thursday,3,10.0,0.0,0.0,0.0,9,P
2026-10-22,24CS016,Thursday,3,0.0,0.0,0.0,0.0,0,P
2026-10-22,24CS017,Thursday,3,2.0,0.0,0.0,0.0,1,P
2026-10-22,24CS018,Thursday,3,12.0,0.0,0.0,0.0,5,P
2026-10-22,24CS019,Thursday,3,4.0,1.0,0.14285714285714285,1.0,1,P
2026-10-22,24CS020,Thursday,3,5.0,0.0,0.0,0.0,2,P
2026-10-22,24CS021,Thursday,3,19.0,1.0,0.14285714285714285,0.0,15,P
2026-10-22,24CS022,Thursday,3,2.0,1.0,0.14285714285714285,0.0,1,P
2026-10-22,24CS023,Thursday,3,1.0,0.0,0.0,0.0,1,P
2026-10-22,24CS024,Thursday,3,7.0,0.0,0.0,0.0,2,P
2026-10-22,24CS025,Thursday,3,11.0,1.0,0.14285714285714285,1.0,2,P
2026-10-22,24CS026,Thursday,3,0.0,0.0,0.0,0.0,0,P
2026-10-22,24CS027,Thursday,3,7.0,0.0,0.0,0.0,2,P
2026-10-22,24CS028,Thursday,3,0.0,0.0,0.0,0.0,0,P
2026-10-22,24CS029,Thursday,3,9.0,2.0,0.2857142857142857,1.0,1,P
2026-10-22,24CS030,Thursday,3,5.0,0.0,0.0,0.0,1,P
2026-10-22,24CS031,Thursday,3,4.0,1.0,0.14285714285714285,1.0,1,P
2026-10-22,24CS032,Thursday,3,5.0,1.0,0.14285714285714285,0.0,1,P
2026-10-22,24CS033,Thursday,3,8.0,1.0,0.14285714285714285,1.0,1,P
2026-10-22,24CS034,Thursday,3,4.0,0.0,0.0,0.0,3,P
2026-10-22,24CS035,Thursday,3,4.0,1.0,0.14285714285714285,1.0,2,P
2026-10-22,24CS036,Thursday,3,9.0,1.0,0.14285714285714285,1.0,2,P
2026-10-22,24CS037,Thursday,3,7.0,0.0,0.0,0.0,2,P
2026-10-22,24CS038,Thursday,3,3.0,0.0,0.0,0.0,1,P
2026-10-22,24CS039,Thursday,3,1.0,0.0,0.0,0.0,1,P
2026-10-22,24CS040,Thursday,3,0.0,0.0,0.0,0.0,0,P
2026-10-22,24CS041,Thursday,3,5.0,1.0,0.14285714285714285,0.0,1,P
2026-10-22,24CS042,Thursday,3,5.0,1.0,0.14285714285714285,0.0,1,P
2026-10-22,24CS043,Thursday,3,1.0,0.0,0.0,0.0,1,P
2026-10-22,24CS044,Thursday,3,13.0,2.0,0.2857142857142857,0.0,3,P
2026-10-22,24CS045,Thursday,3,4.0,1.0,0.14285714285714285,0.0,1,P
2026-10-22,24CS046,Thursday,3,4.0,0.0,0.0,0.0,1,P
2026-10-22,24CS047,Thursday,3,4.0,0.0,0.0,0.0,2,P
2026-10-23,24CS001,Friday,4,1.0,1.0,0.14285714285714285,1.0,1,P
2026-10-23,24CS002,Friday,4,4.0,0.0,0.0,0.0,1,P
2026-10-23,24CS003,Friday,4,1.0,0.0,0.0,0.0,1,P
2026-10-23,24CS004,Friday,4,9.0,1.0,0.14285714285714285,1.0,2,P
2026-10-23,24CS005,Friday,4,5.0,0.0,0.0,0.0,1,P
2026-10-23,24CS006,Friday,4,15.0,2.0,0.2857142857142857,1.0,5,P
2026-10-23,24CS007,Friday,4,5.0,1.0,0.14285714285714285,1.0,2,P
2026-10-23,24CS008,Friday,4,11.0,1.0,0.14285714285714285,1.0,1,P
2026-10-23,24CS009,Friday,4,6.0,1.0,0.14285714285714285,0.0,2,P
2026-10-23,24CS010,Friday,4,3.0,0.0,0.0,0.0,1,P
2026-10-23,24CS011,Friday,4,0.0,0.0,0.0,0.0,0,P
2026-10-23,24CS012,Friday,4,10.0,0.0,0.0,0.0,2,P
2026-10-23,24CS013,Friday,4,14.0,0.0,0.0,0.0,10,A
2026-10-23,24CS015,Friday,4,10.0,0.0,0.0,0.0,9,P
2026-10-23,24CS016,Friday,4,0.0,0.0,0.0,0.0,0,P
2026-10-23,24CS017,Friday,4,2.0,0.0,0.0,0.0,1,P
2026-10-23,24CS018,Friday,4,12.0,0.0,0.0,0.0,5,P
2026-10-23,24CS019,Friday,4,4.0,1.0,0.14285714285714285,1.0,1,P
2026-10-23,24CS020,Friday,4,5.0,0.0,0.0,0.0,2,P
2026-10-23,24CS021,Friday,4,19.0,1.0,0.14285714285714285,0.0,15,P
2026-10-23,24CS022,Friday,4,2.0,1.0,0.14285714285714285,0.0,1,P
2026-10-23,24CS023,Friday,4,1.0,0.0,0.0,0.0,1,P
2026-10-23,24CS024,Friday,4,7.0,0.0,0.0,0.0,2,P
2026-10-23,24CS025,Friday,4,11.0,1.0,0.14285714285714285,1.0,2,P
2026-10-23,24CS026,Friday,4,0.0,0.0,0.0,0.0,0,P
2026-10-23,24CS027,Friday,4,7.0,0.0,0.0,0.0,2,P
2026-10-23,24CS028,Friday,4,0.0,0.0,0.0,0.0,0,P
2026-10-23,24CS029,Friday,4,9.0,2.0,0.2857142857142857,1.0,1,P
2026-10-23,24CS030,Friday,4,5.0,0.0,0.0,0.0,1,P
2026-10-23,24CS031,Friday,4,4.0,1.0,0.14285714285714285,1.0,1,P
2026-10-23,24CS032,Friday,4,5.0,1.0,0.14285714285714285,0.0,1,P
2026-10-23,24CS033,Friday,4,8.0,1.0,0.14285714285714285,1.0,1,P
2026-10-23,24CS034,Friday,4,4.0,0.0,0.0,0.0,3,P
2026-10-23,24CS035,Friday,4,4.0,1.0,0.14285714285714285,1.0,2,P
2026-10-23,24CS036,Friday,4,9.0,1.0,0.14285714285714285,1.0,2,P
2026-10-23,24CS037,Friday,4,7.0,0.0,0.0,0.0,2,P
2026-10-23,24CS038,Friday,4,3.0,0.0,0.0,0.0,1,P
2026-10-23,24CS039,Friday,4,1.0,0.0,0.0,0.0,1,P
2026-10-23,24CS040,Friday,4,0.0,0.0,0.0,0.0,0,P
2026-10-23,24CS041,Friday,4,5.0,1.0,0.14285714285714285,0.0,1,P
2026-10-23,24CS042,Friday,4,5.0,1.0,0.14285714285714285,0.0,1,P
2026-10-23,24CS043,Friday,4,1.0,0.0,0.0,0.0,1,P
2026-10-23,24CS044,Friday,4,13.0,2.0,0.2857142857142857,0.0,3,P
2026-10-23,24CS045,Friday,4,4.0,1.0,0.14285714285714285,0.0,1,P
2026-10-23,24CS046,Friday,4,4.0,0.0,0.0,0.0,1,P
2026-10-23,24CS047,Friday,4,4.0,0.0,0.0,0.0,2,P
2026-10-24,24CS001,Saturday,5,1.0,1.0,0.14285714285714285,1.0,1,P
2026-10-24,24CS002,Saturday,5,4.0,0.0,0.0,0.0,1,P
2026-10-24,24CS003,Saturday,5,1.0,0.0,0.0,0.0,1,P
2026-10-24,24CS004,Saturday,5,9.0,1.0,0.14285714285714285,1.0,2,P
2026-10-24,24CS005,Saturday,5,5.0,0.0,0.0,0.0,1,P
2026-10-24,24CS006,Saturday,5,15.0,2.0,0.2857142857142857,1.0,5,P
2026-10-24,24CS007,Saturday,5,5.0,1.0,0.14285714285714285,1.0,2,P
2026-10-24,24CS008,Saturday,5,11.0,1.0,0.14285714285714285,1.0,1,P
2026-10-24,24CS009,Saturday,5,6.0,1.0,0.14285714285714285,0.0,2,P
2026-10-24,24CS010,Saturday,5,3.0,0.0,0.0,0.0,1,P
2026-10-24,24CS011,Saturday,5,0.0,0.0,0.0,0.0,0,P
2026-10-24,24CS012,Saturday,5,10.0,0.0,0.0,0.0,2,P
2026-10-24,24CS013,Saturday,5,14.0,0.0,0.0,0.0,10,P
2026-10-24,24CS015,Saturday,5,10.0,0.0,0.0,0.0,9,P
2026-10-24,24CS016,Saturday,5,0.0,0.0,0.0,0.0,0,P
2026-10-24,24CS017,Saturday,5,2.0,0.0,0.0,0.0,1,P
2026-10-24,24CS018,Saturday,5,12.0,0.0,0.0,0.0,5,P
2026-10-24,24CS019,Saturday,5,4.0,1.0,0.14285714285714285,1.0,1,P
2026-10-24,24CS020,Saturday,5,5.0,0.0,0.0,0.0,2,P
2026-10-24,24CS021,Saturday,5,19.0,1.0,0.14285714285714285,0.0,15,P
2026-10-24,24CS022,Saturday,5,2.0,1.0,0.14285714285714285,0.0,1,P
2026-10-24,24CS023,Saturday,5,1.0,0.0,0.0,0.0,1,P
2026-10-24,24CS024,Saturday,5,7.0,0.0,0.0,0.0,2,P
2026-10-24,24CS025,Saturday,5,11.0,1.0,0.14285714285714285,1.0,2,P
2026-10-24,24CS026,Saturday,5,0.0,0.0,0.0,0.0,0,P
2026-10-24,24CS027,Saturday,5,7.0,0.0,0.0,0.0,2,P
2026-10-24,24CS028,Saturday,5,0.0,0.0,0.0,0.0,0,P
2026-10-24,24CS029,Saturday,5,9.0,2.0,0.2857142857142857,1.0,1,P
2026-10-24,24CS030,Saturday,5,5.0,0.0,0.0,0.0,1,P
2026-10-24,24CS031,Saturday,5,4.0,1.0,0.14285714285714285,1.0,1,P
2026-10-24,24CS032,Saturday,5,5.0,1.0,0.14285714285714285,0.0,1,P
2026-10-24,24CS033,Saturday,5,8.0,1.0,0.14285714285714285,1.0,1,P
2026-10-24,24CS034,Saturday,5,4.0,0.0,0.0,0.0,3,P
2026-10-24,24CS035,Saturday,5,4.0,1.0,0.14285714285714285,1.0,2,P
2026-10-24,24CS036,Saturday,5,9.0,1.0,0.14285714285714285,1.0,2,P
2026-10-24,24CS037,Saturday,5,7.0,0.0,0.0,0.0,2,P
2026-10-24,24CS038,Saturday,5,3.0,0.0,0.0,0.0,1,P
2026-10-24,24CS039,Saturday,5,1.0,0.0,0.0,0.0,1,P
2026-10-24,24CS040,Saturday,5,0.0,0.0,0.0,0.0,0,P
2026-10-24,24CS041,Saturday,5,5.0,1.0,0.14285714285714285,0.0,1,P
2026-10-24,24CS042,Saturday,5,5.0,1.0,0.14285714285714285,0.0,1,P
2026-10-24,24CS043,Saturday,5,1.0,0.0,0.0,0.0,1,P
2026-10-24,24CS044,Saturday,5,13.0,2.0,0.2857142857142857,0.0,3,P
2026-10-24,24CS045,Saturday,5,4.0,1.0,0.14285714285714285,0.0,1,P
2026-10-24,24CS046,Saturday,5,4.0,0.0,0.0,0.0,1,P
2026-10-24,24CS047,Saturday,5,4.0,0.0,0.0,0.0,2,P
2026-10-25,24CS001,Sunday,6,1.0,1.0,0.14285714285714285,1.0,1,P
2026-10-25,24CS002,Sunday,6,4.0,0.0,0.0,0.0,1,P
2026-10-25,24CS003,Sunday,6,1.0,0.0,0.0,0.0,1,P
2026-10-25,24CS004,Sunday,6,9.0,1.0,0.14285714285714285,1.0,2,P
2026-10-25,24CS005,Sunday,6,5.0,0.0,0.0,0.0,1,P
2026-10-25,24CS006,Sunday,6,15.0,2.0,0.2857142857142857,1.0,5,P
2026-10-25,24CS007,Sunday,6,5.0,1.0,0.14285714285714285,1.0,2,P
2026-10-25,24CS008,Sunday,6,11.0,1.0,0.14285714285714285,1.0,1,P
2026-10-25,24CS009,Sunday,6,6.0,1.0,0.14285714285714285,0.0,2,P
2026-10-25,24CS010,Sunday,6,3.0,0.0,0.0,0.0,1,P
2026-10-25,24CS011,Sunday,6,0.0,0.0,0.0,0.0,0,P
2026-10-25,24CS012,Sunday,6,10.0,0.0,0.0,0.0,2,P
2026-10-25,24CS013,Sunday,6,14.0,0.0,0.0,0.0,10,P
2026-10-25,24CS015,Sunday,6,10.0,0.0,0.0,0.0,9,P
2026-10-25,24CS016,Sunday,6,0.0,0.0,0.0,0.0,0,P
2026-10-25,24CS017,Sunday,6,2.0,0.0,0.0,0.0,1,P
2026-10-25,24CS018,Sunday,6,12.0,0.0,0.0,0.0,5,P
2026-10-25,24CS019,Sunday,6,4.0,1.0,0.14285714285714285,1.0,1,P
2026-10-25,24CS020,Sunday,6,5.0,0.0,0.0,0.0,2,P
2026-10-25,24CS021,Sunday,6,19.0,1.0,0.14285714285714285,0.0,15,P
2026-10-25,24CS022,Sunday,6,2.0,1.0,0.14285714285714285,0.0,1,P
2026-10-25,24CS023,Sunday,6,1.0,0.0,0.0,0.0,1,P
2026-10-25,24CS024,Sunday,6,7.0,0.0,0.0,0.0,2,P
2026-10-25,24CS025,Sunday,6,11.0,1.0,0.14285714285714285,1.0,2,P
2026-10-25,24CS026,Sunday,6,0.0,0.0,0.0,0.0,0,P
2026-10-25,24CS027,Sunday,6,7.0,0.0,0.0,0.0,2,P
2026-10-25,24CS028,Sunday,6,0.0,0.0,0.0,0.0,0,P
2026-10-25,24CS029,Sunday,6,9.0,2.0,0.2857142857142857,1.0,1,P
2026-10-25,24CS030,Sunday,6,5.0,0.0,0.0,0.0,1,P
2026-10-25,24CS031,Sunday,6,4.0,1.0,0.14285714285714285,1.0,1,P
2026-10-25,24CS032,Sunday,6,5.0,1.0,0.14285714285714285,0.0,1,P
2026-10-25,24CS033,Sunday,6,8.0,1.0,0.14285714285714285,1.0,1,P
2026-10-25,24CS034,Sunday,6,4.0,0.0,0.0,0.0,3,P
2026-10-25,24CS035,Sunday,6,4.0,1.0,0.14285714285714285,1.0,2,P
2026-10-25,24CS036,Sunday,6,9.0,1.0,0.14285714285714285,1.0,2,P
2026-10-25,24CS037,Sunday,6,7.0,0.0,0.0,0.0,2,P
2026-10-25,24CS038,Sunday,6,3.0,0.0,0.0,0.0,1,P
2026-10-25,24CS039,Sunday,6,1.0,0.0,0.0,0.0,1,P
2026-10-25,24CS040,Sunday,6,0.0,0.0,0.0,0.0,0,P
2026-10-25,24CS041,Sunday,6,5.0,1.0,0.14285714285714285,0.0,1,P
2026-10-25,24CS042,Sunday,6,5.0,1.0,0.14285714285714285,0.0,1,P
2026-10-25,24CS043,Sunday,6,1.0,0.0,0.0,0.0,1,P
2026-10-25,24CS044,Sunday,6,13.0,2.0,0.2857142857142857,0.0,3,P
2026-10-25,24CS045,Sunday,6,4.0,1.0,0.14285714285714285,0.0,1,P
2026-10-25,24CS046,Sunday,6,4.0,0.0,0.0,0.0,1,P
2026-10-25,24CS047,Sunday,6,4.0,0.0,0.0,0.0,2,P
2026-10-26,24CS001,Monday,0,1.0,1.0,0.14285714285714285,1.0,1,P
2026-10-26,24CS002,Monday,0,4.0,0.0,0.0,0.0,1,P
2026-10-26,24CS003,Monday,0,1.0,0.0,0.0,0.0,1,P
2026-10-26,24CS004,Monday,0,9.0,1.0,0.14285714285714285,1.0,2,P
2026-10-26,24CS005,Monday,0,5.0,0.0,0.0,0.0,1,P
2026-10-26,24CS006,Monday,0,15.0,2.0,0.2857142857142857,1.0,5,A
2026-10-26,24CS007,Monday,0,5.0,1.0,0.14285714285714285,1.0,2,P
2026-10-26,24CS008,Monday,0,11.0,1.0,0.14285714285714285,1.0,1,P
2026-10-26,24CS009,Monday,0,6.0,1.0,0.14285714285714285,0.0,2,A
2026-10-26,24CS010,Monday,0,3.0,0.0,0.0,0.0,1,P
2026-10-26,24CS011,Monday,0,0.0,0.0,0.0,0.0,0,P
2026-10-26,24CS012,Monday,0,10.0,0.0,0.0,0.0,2,P
2026-10-26,24CS013,Monday,0,14.0,0.0,0.0,0.0,10,P
2026-10-26,24CS015,Monday,0,10.0,0.0,0.0,0.0,9,P
2026-10-26,24CS016,Monday,0,0.0,0.0,0.0,0.0,0,P
2026-10-26,24CS017,Monday,0,2.0,0.0,0.0,0.0,1,P
2026-10-26,24CS018,Monday,0,12.0,0.0,0.0,0.0,5,P
2026-10-26,24CS019,Monday,0,4.0,1.0,0.14285714285714285,1.0,1,P
2026-10-26,24CS020,Monday,0,5.0,0.0,0.0,0.0,2,P
2026-10-26,24CS021,Monday,0,19.0,1.0,0.14285714285714285,0.0,15,P
2026-10-26,24CS022,Monday,0,2.0,1.0,0.14285714285714285,0.0,1,P
2026-10-26,24CS023,Monday,0,1.0,0.0,0.0,0.0,1,P
2026-10-26,24CS024,Monday,0,7.0,0.0,0.0,0.0,2,P
2026-10-26,24CS025,Monday,0,11.0,1.0,0.14285714285714285,1.0,2,P
2026-10-26,24CS026,Monday,0,0.0,0.0,0.0,0.0,0,P
2026-10-26,24CS027,Monday,0,7.0,0.0,0.0,0.0,2,P
2026-10-26,24CS028,Monday,0,0.0,0.0,0.0,0.0,0,P
2026-10-26,24CS029,Monday,0,9.0,2.0,0.2857142857142857,1.0,1,P
2026-10-26,24CS030,Monday,0,5.0,0.0,0.0,0.0,1,P
2026-10-26,24CS031,Monday,0,4.0,1.0,0.14285714285714285,1.0,1,P
2026-10-26,24CS032,Monday,0,5.0,1.0,0.14285714285714285,0.0,1,P
2026-10-26,24CS033,Monday,0,8.0,1.0,0.14285714285714285,1.0,1,A
2026-10-26,24CS034,Monday,0,4.0,0.0,0.0,0.0,3,P
2026-10-26,24CS035,Monday,0,4.0,1.0,0.14285714285714285,1.0,2,P
2026-10-26,24CS036,Monday,0,9.0,1.0,0.14285714285714285,1.0,2,P
2026-10-26,24CS037,Monday,0,7.0,0.0,0.0,0.0,2,P
2026-10-26,24CS038,Monday,0,3.0,0.0,0.0,0.0,1,P
2026-10-26,24CS039,Monday,0,1.0,0.0,0.0,0.0,1,P
2026-10-26,24CS040,Monday,0,0.0,0.0,0.0,0.0,0,P
2026-10-26,24CS041,Monday,0,5.0,1.0,0.14285714285714285,0.0,1,P
2026-10-26,24CS042,Monday,0,5.0,1.0,0.14285714285714285,0.0,1,P
2026-10-26,24CS043,Monday,0,1.0,0.0,0.0,0.0,1,P
2026-10-26,24CS044,Monday,0,13.0,2.0,0.2857142857142857,0.0,3,P
2026-10-26,24CS045,Monday,0,4.0,1.0,0.14285714285714285,0.0,1,P
2026-10-26,24CS046,Monday,0,4.0,0.0,0.0,0.0,1,P
2026-10-26,24CS047,Monday,0,4.0,0.0,0.0,0.0,2,P
2026-10-27,24CS001,Tuesday,1,1.0,1.0,0.14285714285714285,1.0,1,P
2026-10-27,24CS002,Tuesday,1,4.0,0.0,0.0,0.0,1,P
2026-10-27,24CS003,Tuesday,1,1.0,0.0,0.0,0.0,1,P
2026-10-27,24CS004,Tuesday,1,9.0,1.0,0.14285714285714285,1.0,2,P
2026-10-27,24CS005,Tuesday,1,5.0,0.0,0.0,0.0,1,P
2026-10-27,24CS006,Tuesday,1,15.0,2.0,0.2857142857142857,1.0,5,P
2026-10-27,24CS007,Tuesday,1,5.0,1.0,0.14285714285714285,1.0,2,P
2026-10-27,24CS008,Tuesday,1,11.0,1.0,0.14285714285714285,1.0,1,P
2026-10-27,24CS009,Tuesday,1,6.0,1.0,0.14285714285714285,0.0,2,P
2026-10-27,24CS010,Tuesday,1,3.0,0.0,0.0,0.0,1,P
2026-10-27,24CS011,Tuesday,1,0.0,0.0,0.0,0.0,0,P
2026-10-27,24CS012,Tuesday,1,10.0,0.0,0.0,0.0,2,P
2026-10-27,24CS013,Tuesday,1,14.0,0.0,0.0,0.0,10,P
2026-10-27,24CS015,Tuesday,1,10.0,0.0,0.0,0.0,9,P
2026-10-27,24CS016,Tuesday,1,0.0,0.0,0.0,0.0,0,P
2026-10-27,24CS017,Tuesday,1,2.0,0.0,0.0,0.0,1,P
2026-10-27,24CS018,Tuesday,1,12.0,0.0,0.0,0.0,5,P
2026-10-27,24CS019,Tuesday,1,4.0,1.0,0.14285714285714285,1.0,1,P
2026-10-27,24CS020,Tuesday,1,5.0,0.0,0.0,0.0,2,P
2026-10-27,24CS021,Tuesday,1,19.0,1.0,0.14285714285714285,0.0,15,P
2026-10-27,24CS022,Tuesday,1,2.0,1.0,0.14285714285714285,0.0,1,P
2026-10-27,24CS023,Tuesday,1,1.0,0.0,0.0,0.0,1,P
2026-10-27,24CS024,Tuesday,1,7.0,0.0,0.0,0.0,2,P
2026-10-27,24CS025,Tuesday,1,11.0,1.0,0.14285714285714285,1.0,2,P
2026-10-27,24CS026,Tuesday,1,0.0,0.0,0.0,0.0,0,P
2026-10-27,24CS027,Tuesday,1,7.0,0.0,0.0,0.0,2,P
2026-10-27,24CS028,Tuesday,1,0.0,0.0,0.0,0.0,0,P
2026-10-27,24CS029,Tuesday,1,9.0,2.0,0.2857142857142857,1.0,1,P
2026-10-27,24CS030,Tuesday,1,5.0,0.0,0.0,0.0,1,P
2026-10-27,24CS031,Tuesday,1,4.0,1.0,0.14285714285714285,1.0,1,P
2026-10-27,24CS032,Tuesday,1,5.0,1.0,0.14285714285714285,0.0,1,P
2026-10-27,24CS033,Tuesday,1,8.0,1.0,0.14285714285714285,1.0,1,P
2026-10-27,24CS034,Tuesday,1,4.0,0.0,0.0,0.0,3,P
2026-10-27,24CS035,Tuesday,1,4.0,1.0,0.14285714285714285,1.0,2,P
2026-10-27,24CS036,Tuesday,1,9.0,1.0,0.14285714285714285,1.0,2,P
2026-10-27,24CS037,Tuesday,1,7.0,0.0,0.0,0.0,2,P
2026-10-27,24CS038,Tuesday,1,3.0,0.0,0.0,0.0,1,P
2026-10-27,24CS039,Tuesday,1,1.0,0.0,0.0,0.0,1,P
2026-10-27,24CS040,Tuesday,1,0.0,0.0,0.0,0.0,0,P
2026-10-27,24CS041,Tuesday,1,5.0,1.0,0.14285714285714285,0.0,1,P
2026-10-27,24CS042,Tuesday,1,5.0,1.0,0.14285714285714285,0.0,1,P
2026-10-27,24CS043,Tuesday,1,1.0,0.0,0.0,0.0,1,P
2026-10-27,24CS044,Tuesday,1,13.0,2.0,0.2857142857142857,0.0,3,P
2026-10-27,24CS045,Tuesday,1,4.0,1.0,0.14285714285714285,0.0,1,P
2026-10-27,24CS046,Tuesday,1,4.0,0.0,0.0,0.0,1,P
2026-10-27,24CS047,Tuesday,1,4.0,0.0,0.0,0.0,2,P
2026-10-28,24CS001,Wednesday,2,1.0,1.0,0.14285714285714285,1.0,1,P
2026-10-28,24CS002,Wednesday,2,4.0,0.0,0.0,0.0,1,P
2026-10-28,24CS003,Wednesday,2,1.0,0.0,0.0,0.0,1,P
2026-10-28,24CS004,Wednesday,2,9.0,1.0,0.14285714285714285,1.0,2,P
2026-10-28,24CS005,Wednesday,2,5.0,0.0,0.0,0.0,1,P
2026-10-28,24CS006,Wednesday,2,15.0,2.0,0.2857142857142857,1.0,5,P
2026-10-28,24CS007,Wednesday,2,5.0,1.0,0.14285714285714285,1.0,2,P
2026-10-28,24CS008,Wednesday,2,11.0,1.0,0.14285714285714285,1.0,1,P
2026-10-28,24CS009,Wednesday,2,6.0,1.0,0.14285714285714285,0.0,2,P
2026-10-28,24CS010,Wednesday,2,3.0,0.0,0.0,0.0,1,P
2026-10-28,24CS011,Wednesday,2,0.0,0.0,0.0,0.0,0,P
2026-10-28,24CS012,Wednesday,2,10.0,0.0,0.0,0.0,2,P
2026-10-28,24CS013,Wednesday,2,14.0,0.0,0.0,0.0,10,P
2026-10-28,24CS015,Wednesday,2,10.0,0.0,0.0,0.0,9,P
2026-10-28,24CS016,Wednesday,2,0.0,0.0,0.0,0.0,0,P
2026-10-28,24CS017,Wednesday,2,2.0,0.0,0.0,0.0,1,P
2026-10-28,24CS018,Wednesday,2,12.0,0.0,0.0,0.0,5,P
2026-10-28,24CS019,Wednesday,2,4.0,1.0,0.14285714285714285,1.0,1,P
2026-10-28,24CS020,Wednesday,2,5.0,0.0,0.0,0.0,2,P
2026-10-28,24CS021,Wednesday,2,19.0,1.0,0.14285714285714285,0.0,15,A
2026-10-28,24CS022,Wednesday,2,2.0,1.0,0.14285714285714285,0.0,1,P
2026-10-28,24CS023,Wednesday,2,1.0,0.0,0.0,0.0,1,P
2026-10-28,24CS024,Wednesday,2,7.0,0.0,0.0,0.0,2,P
2026-10-28,24CS025,Wednesday,2,11.0,1.0,0.14285714285714285,1.0,2,P
2026-10-28,24CS026,Wednesday,2,0.0,0.0,0.0,0.0,0,P
2026-10-28,24CS027,Wednesday,2,7.0,0.0,0.0,0.0,2,P
2026-10-28,24CS028,Wednesday,2,0.0,0.0,0.0,0.0,0,P
2026-10-28,24CS029,Wednesday,2,9.0,2.0,0.2857142857142857,1.0,1,P
2026-10-28,24CS030,Wednesday,2,5.0,0.0,0.0,0.0,1,P
2026-10-28,24CS031,Wednesday,2,4.0,1.0,0.14285714285714285,1.0,1,P
2026-10-28,24CS032,Wednesday,2,5.0,1.0,0.14285714285714285,0.0,1,P
2026-10-28,24CS033,Wednesday,2,8.0,1.0,0.14285714285714285,1.0,1,P
2026-10-28,24CS034,Wednesday,2,4.0,0.0,0.0,0.0,3,P
2026-10-28,24CS035,Wednesday,2,4.0,1.0,0.14285714285714285,1.0,2,P
2026-10-28,24CS036,Wednesday,2,9.0,1.0,0.14285714285714285,1.0,2,P
2026-10-28,24CS037,Wednesday,2,7.0,0.0,0.0,0.0,2,P
2026-10-28,24CS038,Wednesday,2,3.0,0.0,0.0,0.0,1,P
2026-10-28,24CS039,Wednesday,2,1.0,0.0,0.0,0.0,1,P
2026-10-28,24CS040,Wednesday,2,0.0,0.0,0.0,0.0,0,P
2026-10-28,24CS041,Wednesday,2,5.0,1.0,0.14285714285714285,0.0,1,A
2026-10-28,24CS042,Wednesday,2,5.0,1.0,0.14285714285714285,0.0,1,P
2026-10-28,24CS043,Wednesday,2,1.0,0.0,0.0,0.0,1,P
2026-10-28,24CS044,Wednesday,2,13.0,2.0,0.2857142857142857,0.0,3,P
2026-10-28,24CS045,Wednesday,2,4.0,1.0,0.14285714285714285,0.0,1,P
2026-10-28,24CS046,Wednesday,2,4.0,0.0,0.0,0.0,1,P
2026-10-28,24CS047,Wednesday,2,4.0,0.0,0.0,0.0,2,P
2026-10-29,24CS001,Thursday,3,1.0,1.0,0.14285714285714285,1.0,1,P
2026-10-29,24CS002,Thursday,3,4.0,0.0,0.0,0.0,1,P
2026-10-29,24CS003,Thursday,3,1.0,0.0,0.0,0.0,1,P
2026-10-29,24CS004,Thursday,3,9.0,1.0,0.14285714285714285,1.0,2,P
2026-10-29,24CS005,Thursday,3,5.0,0.0,0.0,0.0,1,P
2026-10-29,24CS006,Thursday,3,15.0,2.0,0.2857142857142857,1.0,5,P
2026-10-29,24CS007,Thursday,3,5.0,1.0,0.14285714285714285,1.0,2,P
2026-10-29,24CS008,Thursday,3,11.0,1.0,0.14285714285714285,1.0,1,P
2026-10-29,24CS009,Thursday,3,6.0,1.0,0.14285714285714285,0.0,2,P
2026-10-29,24CS010,Thursday,3,3.0,0.0,0.0,0.0,1,P
2026-10-29,24CS011,Thursday,3,0.0,0.0,0.0,0.0,0,P
2026-10-29,24CS012,Thursday,3,10.0,0.0,0.0,0.0,2,P
2026-10-29,24CS013,Thursday,3,14.0,0.0,0.0,0.0,10,P
2026-10-29,24CS015,Thursday,3,10.0,0.0,0.0,0.0,9,P
2026-10-29,24CS016,Thursday,3,0.0,0.0,0.0,0.0,0,P
2026-10-29,24CS017,Thursday,3,2.0,0.0,0.0,0.0,1,P
2026-10-29,24CS018,Thursday,3,12.0,0.0,0.0,0.0,5,P
2026-10-29,24CS019,Thursday,3,4.0,1.0,0.14285714285714285,1.0,1,P
2026-10-29,24CS020,Thursday,3,5.0,0.0,0.0,0.0,2,P
2026-10-29,24CS021,Thursday,3,19.0,1.0,0.14285714285714285,0.0,15,P
2026-10-29,24CS022,Thursday,3,2.0,1.0,0.14285714285714285,0.0,1,P
2026-10-29,24CS023,Thursday,3,1.0,0.0,0.0,0.0,1,P
2026-10-29,24CS024,Thursday,3,7.0,0.0,0.0,0.0,2,P
2026-10-29,24CS025,Thursday,3,11.0,1.0,0.14285714285714285,1.0,2,P
2026-10-29,24CS026,Thursday,3,0.0,0.0,0.0,0.0,0,P
2026-10-29,24CS027,Thursday,3,7.0,0.0,0.0,0.0,2,P
2026-10-29,24CS028,Thursday,3,0.0,0.0,0.0,0.0,0,P
2026-10-29,24CS029,Thursday,3,9.0,2.0,0.2857142857142857,1.0,1,P
2026-10-29,24CS030,Thursday,3,5.0,0.0,0.0,0.0,1,P
2026-10-29,24CS031,Thursday,3,4.0,1.0,0.14285714285714285,1.0,1,P
2026-10-29,24CS032,Thursday,3,5.0,1.0,0.14285714285714285,0.0,1,P
2026-10-29,24CS033,Thursday,3,8.0,1.0,0.14285714285714285,1.0,1,P
2026-10-29,24CS034,Thursday,3,4.0,0.0,0.0,0.0,3,P
2026-10-29,24CS035,Thursday,3,4.0,1.0,0.14285714285714285,1.0,2,P
2026-10-29,24CS036,Thursday,3,9.0,1.0,0.14285714285714285,1.0,2,P
2026-10-29,24CS037,Thursday,3,7.0,0.0,0.0,0.0,2,P
2026-10-29,24CS038,Thursday,3,3.0,0.0,0.0,0.0,1,P
2026-10-29,24CS039,Thursday,3,1.0,0.0,0.0,0.0,1,P
2026-10-29,24CS040,Thursday,3,0.0,0.0,0.0,0.0,0,P
2026-10-29,24CS041,Thursday,3,5.0,1.0,0.14285714285714285,0.0,1,P
2026-10-29,24CS042,Thursday,3,5.0,1.0,0.14285714285714285,0.0,1,P
2026-10-29,24CS043,Thursday,3,1.0,0.0,0.0,0.0,1,P
2026-10-29,24CS044,Thursday,3,13.0,2.0,0.2857142857142857,0.0,3,P
2026-10-29,24CS045,Thursday,3,4.0,1.0,0.14285714285714285,0.0,1,P
2026-10-29,24CS046,Thursday,3,4.0,0.0,0.0,0.0,1,P
2026-10-29,24CS047,Thursday,3,4.0,0.0,0.0,0.0,2,P
2026-10-30,24CS001,Friday,4,1.0,1.0,0.14285714285714285,1.0,1,P
2026-10-30,24CS002,Friday,4,4.0,0.0,0.0,0.0,1,P
2026-10-30,24CS003,Friday,4,1.0,0.0,0.0,0.0,1,P
2026-10-30,24CS004,Friday,4,9.0,1.0,0.14285714285714285,1.0,2,P
2026-10-30,24CS005,Friday,4,5.0,0.0,0.0,0.0,1,P
2026-10-30,24CS006,Friday,4,15.0,2.0,0.2857142857142857,1.0,5,P
2026-10-30,24CS007,Friday,4,5.0,1.0,0.14285714285714285,1.0,2,P
2026-10-30,24CS008,Friday,4,11.0,1.0,0.14285714285714285,1.0,1,P
2026-10-30,24CS009,Friday,4,6.0,1.0,0.14285714285714285,0.0,2,P
2026-10-30,24CS010,Friday,4,3.0,0.0,0.0,0.0,1,P
2026-10-30,24CS011,Friday,4,0.0,0.0,0.0,0.0,0,P
2026-10-30,24CS012,Friday,4,10.0,0.0,0.0,0.0,2,P
2026-10-30,24CS013,Friday,4,14.0,0.0,0.0,0.0,10,A
2026-10-30,24CS015,Friday,4,10.0,0.0,0.0,0.0,9,P
2026-10-30,24CS016,Friday,4,0.0,0.0,0.0,0.0,0,P
2026-10-30,24CS017,Friday,4,2.0,0.0,0.0,0.0,1,P
2026-10-30,24CS018,Friday,4,12.0,0.0,0.0,0.0,5,P
2026-10-30,24CS019,Friday,4,4.0,1.0,0.14285714285714285,1.0,1,P
2026-10-30,24CS020,Friday,4,5.0,0.0,0.0,0.0,2,P
2026-10-30,24CS021,Friday,4,19.0,1.0,0.14285714285714285,0.0,15,P
2026-10-30,24CS022,Friday,4,2.0,1.0,0.14285714285714285,0.0,1,P
2026-10-30,24CS023,Friday,4,1.0,0.0,0.0,0.0,1,P
2026-10-30,24CS024,Friday,4,7.0,0.0,0.0,0.0,2,P
2026-10-30,24CS025,Friday,4,11.0,1.0,0.14285714285714285,1.0,2,P
2026-10-30,24CS026,Friday,4,0.0,0.0,0.0,0.0,0,P
2026-10-30,24CS027,Friday,4,7.0,0.0,0.0,0.0,2,P
2026-10-30,24CS028,Friday,4,0.0,0.0,0.0,0.0,0,P
2026-10-30,24CS029,Friday,4,9.0,2.0,0.2857142857142857,1.0,1,P
2026-10-30,24CS030,Friday,4,5.0,0.0,0.0,0.0,1,P
2026-10-30,24CS031,Friday,4,4.0,1.0,0.14285714285714285,1.0,1,P
2026-10-30,24CS032,Friday,4,5.0,1.0,0.14285714285714285,0.0,1,P
2026-10-30,24CS033,Friday,4,8.0,1.0,0.14285714285714285,1.0,1,P
2026-10-30,24CS034,Friday,4,4.0,0.0,0.0,0.0,3,P
2026-10-30,24CS035,Friday,4,4.0,1.0,0.14285714285714285,1.0,2,P
2026-10-30,24CS036,Friday,4,9.0,1.0,0.14285714285714285,1.0,2,P
2026-10-30,24CS037,Friday,4,7.0,0.0,0.0,0.0,2,P
2026-10-30,24CS038,Friday,4,3.0,0.0,0.0,0.0,1,P
2026-10-30,24CS039,Friday,4,1.0,0.0,0.0,0.0,1,P
2026-10-30,24CS040,Friday,4,0.0,0.0,0.0,0.0,0,P
2026-10-30,24CS041,Friday,4,5.0,1.0,0.14285714285714285,0.0,1,P
2026-10-30,24CS042,Friday,4,5.0,1.0,0.14285714285714285,0.0,1,P
2026-10-30,24CS043,Friday,4,1.0,0.0,0.0,0.0,1,P
2026-10-30,24CS044,Friday,4,13.0,2.0,0.2857142857142857,0.0,3,P
2026-10-30,24CS045,Friday,4,4.0,1.0,0.14285714285714285,0.0,1,P
2026-10-30,24CS046,Friday,4,4.0,0.0,0.0,0.0,1,P
2026-10-30,24CS047,Friday,4,4.0,0.0,0.0,0.0,2,P
2026-10-31,24CS001,Saturday,5,1.0,1.0,0.14285714285714285,1.0,1,P
2026-10-31,24CS002,Saturday,5,4.0,0.0,0.0,0.0,1,P
2026-10-31,24CS003,Saturday,5,1.0,0.0,0.0,0.0,1,P
2026-10-31,24CS004,Saturday,5,9.0,1.0,0.14285714285714285,1.0,2,P
2026-10-31,24CS005,Saturday,5,5.0,0.0,0.0,0.0,1,P
2026-10-31,24CS006,Saturday,5,15.0,2.0,0.2857142857142857,1.0,5,P
2026-10-31,24CS007,Saturday,5,5.0,1.0,0.14285714285714285,1.0,2,P
2026-10-31,24CS008,Saturday,5,11.0,1.0,0.14285714285714285,1.0,1,P
2026-10-31,24CS009,Saturday,5,6.0,1.0,0.14285714285714285,0.0,2,P
2026-10-31,24CS010,Saturday,5,3.0,0.0,0.0,0.0,1,P
2026-10-31,24CS011,Saturday,5,0.0,0.0,0.0,0.0,0,P
2026-10-31,24CS012,Saturday,5,10.0,0.0,0.0,0.0,2,P
2026-10-31,24CS013,Saturday,5,14.0,0.0,0.0,0.0,10,P
2026-10-31,24CS015,Saturday,5,10.0,0.0,0.0,0.0,9,P
2026-10-31,24CS016,Saturday,5,0.0,0.0,0.0,0.0,0,P
2026-10-31,24CS017,Saturday,5,2.0,0.0,0.0,0.0,1,P
2026-10-31,24CS018,Saturday,5,12.0,0.0,0.0,0.0,5,P
2026-10-31,24CS019,Saturday,5,4.0,1.0,0.14285714285714285,1.0,1,P
2026-10-31,24CS020,Saturday,5,5.0,0.0,0.0,0.0,2,P
2026-10-31,24CS021,Saturday,5,19.0,1.0,0.14285714285714285,0.0,15,P
2026-10-31,24CS022,Saturday,5,2.0,1.0,0.14285714285714285,0.0,1,P
2026-10-31,24CS023,Saturday,5,1.0,0.0,0.0,0.0,1,P
2026-10-31,24CS024,Saturday,5,7.0,0.0,0.0,0.0,2,P
2026-10-31,24CS025,Saturday,5,11.0,1.0,0.14285714285714285,1.0,2,P
2026-10-31,24CS026,Saturday,5,0.0,0.0,0.0,0.0,0,P
2026-10-31,24CS027,Saturday,5,7.0,0.0,0.0,0.0,2,P
2026-10-31,24CS028,Saturday,5,0.0,0.0,0.0,0.0,0,P
2026-10-31,24CS029,Saturday,5,9.0,2.0,0.2857142857142857,1.0,1,P
2026-10-31,24CS030,Saturday,5,5.0,0.0,0.0,0.0,1,P
2026-10-31,24CS031,Saturday,5,4.0,1.0,0.14285714285714285,1.0,1,P
2026-10-31,24CS032,Saturday,5,5.0,1.0,0.14285714285714285,0.0,1,P
2026-10-31,24CS033,Saturday,5,8.0,1.0,0.14285714285714285,1.0,1,P
2026-10-31,24CS034,Saturday,5,4.0,0.0,0.0,0.0,3,P
2026-10-31,24CS035,Saturday,5,4.0,1.0,0.14285714285714285,1.0,2,P
2026-10-31,24CS036,Saturday,5,9.0,1.0,0.14285714285714285,1.0,2,P
2026-10-31,24CS037,Saturday,5,7.0,0.0,0.0,0.0,2,P
2026-10-31,24CS038,Saturday,5,3.0,0.0,0.0,0.0,1,P
2026-10-31,24CS039,Saturday,5,1.0,0.0,0.0,0.0,1,P
2026-10-31,24CS040,Saturday,5,0.0,0.0,0.0,0.0,0,P
2026-10-31,24CS041,Saturday,5,5.0,1.0,0.14285714285714285,0.0,1,P
2026-10-31,24CS042,Saturday,5,5.0,1.0,0.14285714285714285,0.0,1,P
2026-10-31,24CS043,Saturday,5,1.0,0.0,0.0,0.0,1,P
2026-10-31,24CS044,Saturday,5,13.0,2.0,0.2857142857142857,0.0,3,P
2026-10-31,24CS045,Saturday,5,4.0,1.0,0.14285714285714285,0.0,1,P
2026-10-31,24CS046,Saturday,5,4.0,0.0,0.0,0.0,1,P
2026-10-31,24CS047,Saturday,5,4.0,0.0,0.0,0.0,2,P
